Barcode,TSNE-1,TSNE-2
AAACACCAATAACTGC-1,-14.374516716403424,14.364129321362363
AAACAGCTTTCAGAAG-1,-12.788817758298244,20.765875732712363
AAACAGGGTCTATATT-1,-13.936723527207205,14.9947553155014
AAACCGGGTAGGTACC-1,5.197961135664671,11.728032655157438
AAACCGTTCGTCCAGG-1,11.55979415415072,-11.013879759633463
AAACCTCATGAAGTTG-1,6.347521944658229,11.61118421435286
AAACGAAGATGGAGTA-1,-8.184118578161717,19.823928575704308
AAACTGCTGGCTCCAA-1,-17.906654592741774,-26.583068307096337
AAACTTAATTGCACGC-1,-10.130095028022746,12.29940814971529
AAACTTGCAAACGTAT-1,-7.201251066146596,24.63092802791333
AAAGAATGACCTTAGA-1,-17.73181782619702,17.765404306369415
AAAGACTGGGCGCTTT-1,-3.9579077671698815,16.610971088301135
AAAGGCTCTCGCGCCG-1,11.92220244749079,-16.84376696891636
AAAGGGCAGCTTGAAT-1,20.238391472543412,-2.2207274547883027
AAAGTAGCATTGCTCA-1,-10.436994264836287,22.02155536668771
AAAGTCGACCCTCAGT-1,-8.73033729134935,25.05793678948661
AAATCGCGGAAGGAGT-1,-3.5280640565991876,30.282995226835936
AAATCGTGTACCACAA-1,11.325378653072702,-6.815001290561194
AAATGCTCGTTACGTT-1,23.7943346386864,-0.28034150553764897
AAATGGCCCGTGCCCT-1,-12.614691800188501,25.341453076328637
AAATGGTCAATGTGCC-1,-0.390183289115504,-18.357815188663373
AAATGTATCTTATCCC-1,-2.486177262204012,13.166166186220881
AAATTAACGGGTAGCT-1,-4.8605639879695515,-23.036972535954227
AAATTAATAAGCGCGA-1,-10.457590701346964,22.321536426634953
AAATTGATAGTCCTTT-1,-1.1306083301485377,12.992474449925536
AAATTGCGGCGGTTCT-1,-21.405614416579645,-25.937660721645102
AAATTTGCGGGTGTGG-1,9.603522972682848,6.4377800652224835
AACAACTGGTAGTTGC-1,-3.3771742366095574,-23.427373397177288
AACAATTACTCTACGC-1,10.017462615813255,-8.160065134407004
AACACGAGACGCGGCC-1,-11.118321761081647,24.507282224941314
AACAGCTGTGTGGCAA-1,-9.569314861155933,11.179139109179754
AACAGGATGGGCCGCG-1,18.61217487998646,-8.472173535321645
AACATTGGTCAGCCGT-1,-10.772367546180204,-18.421242600076585
AACCAAGACTTCTCTG-1,10.609854713239539,6.429587912707845
AACCATAGGGTTGAAC-1,-10.823785074900806,11.38857633244529
AACCATGGGATCGCTA-1,-6.71326801195652,-21.761685356629705
AACCCAGAGACGGAGA-1,-22.315893128594528,-20.845047025572885
AACCCATCCCATGATC-1,-8.996294606278429,27.189639242774607
AACGAAAGTCGTCCCA-1,-3.949107572958963,31.266121451665224
AACGATAGAAGGGCCG-1,-26.00033084789878,-20.934792234924082
AACGCGAACGGCAACA-1,2.5745249216341555,-4.4838814435803345
AACGCGGTCTCCAGCC-1,-22.467915791562937,-21.821105206597068
AACGGCCATCTCCGGT-1,13.863734113076434,-2.059083604310143
AACGTACTGTGGGTAC-1,12.97431742850559,0.4173158973022315
AACGTCAGACTAGTGG-1,3.2296494981426402,-17.82281132630547
AACGTTATCAGCACCT-1,0.046253664341309106,18.98885152869777
AACTCAAGTTAATTGC-1,14.045527984029174,-6.487846713011093
AACTCGATAAACACGT-1,-4.595420290474635,-10.181749760737155
AACTCGATGGCGCAGT-1,-5.208985847979181,-19.913669037061833
AACTCTCAGTGTGCTC-1,6.285878884076092,-16.680578347314064
AACTGATATTAGGCCT-1,-25.794504713923434,-19.669593796535878
AACTGGGTCCCGACGT-1,-9.201120702096,-19.469565332377133
AACTTCTGCGTCTATC-1,19.01709148479509,-7.162811463081006
AACTTGCCCGTATGCA-1,12.17987038886211,-5.077991379863792
AACTTGCGTTCTCGCG-1,29.65553180866404,4.300126319490077
AACTTTACGGGAGCTT-1,-12.996975821244009,21.963209164226395
AAGAAGGATCAGTTAG-1,6.927482125926281,-4.947096284375609
AAGACCAAATAACTCA-1,-10.561712438834984,14.876940142520247
AAGACCCAACTGAACA-1,1.108240983167981,-20.380700617605683
AAGACTGCAAGCTACT-1,-14.342522129711911,-24.465042117897745
AAGAGATGAATCGGTA-1,23.197221817264715,-1.124304776192025
AAGAGGATGTACGCGA-1,14.778975056495364,2.967271997556922
AAGCGTCCCTCATCGA-1,-9.154114481875574,9.012711572270177
AAGGAGCGGTTGGTGC-1,-5.085202000097069,-23.709593611145817
AAGGCGCGTAAAGCTT-1,3.4182550799267344,-17.83211537818119
AAGGCTGTGCTCATCG-1,-0.92990102225413,-21.55087506465953
AAGGGACTATGCATTC-1,-18.15276806928872,11.368010489517932
AAGTAGAAGACCGGGT-1,-12.980843385307326,-20.059920457289763
AAGTAGTGACGCGAGG-1,20.692457388262476,-4.157125242806314
AAGTCTTCTGTGGCCT-1,-6.074922419399693,28.539817194998133
AAGTGACGACCGAATT-1,1.3914254082969708,20.843173828398655
AAGTGCAAAGGTAGAC-1,-6.620525376981908,28.844881116128654
AAGTGCGTTAGAATCT-1,-7.366015619821194,21.428519706600596
AAGTTCGGCCAACAGG-1,14.950085795495825,1.6966013152470925
AATAACAACGCTCGGC-1,14.78035610774312,-9.82567615522785
AATAACACTAGAACAA-1,16.23729848440659,-0.5000647466968826
AATAATCTTCGTATCG-1,-26.49621393163796,-18.359925071998564
AATACAATGTTTCAGG-1,9.704218169747842,4.958641802115732
AATAGAACAGAGTGGC-1,16.63722027865921,5.742880798999227
AATAGTCCGTCCCGAC-1,1.3201386317927795,-20.880599357074882
AATAGTCGCGAGTCGG-1,3.584058665366086,20.55218300990729
AATATCCTAGCAAACT-1,-15.989608448297183,12.232428982276963
AATATTGGAGTATTGA-1,7.094998301906211,8.908031877577596
AATCCATGCAAGGGTG-1,-0.1139197396048205,-19.47157069390279
AATCTAGGTTTACTTG-1,-4.49670826005615,25.525326754201195
AATCTCTACTGTGGTT-1,-9.460718773660176,27.609804910921113
AATCTGGCTTTCTAGT-1,-10.362338871471694,26.85167411897596
AATGACAGCAATGTCT-1,-5.272299967104066,17.70916638929856
AATGACTGTCAGCCGG-1,-9.598973058096089,-17.47460109529573
AATGAGTTCGCATATG-1,24.105235211136517,-0.3616670969170175
AATGGTCCACCGTTCA-1,-7.172327783035373,18.62730617815384
AATGGTTCTCACAAGC-1,-4.797273435182156,-18.690114408746556
AATGTATGGCACTGTA-1,-14.873586795672647,12.468122036350456
AATGTGCCCGAGGTGT-1,-6.081187369496408,15.306196317056648
AATTAAAGGTCGGCGT-1,17.97736857222706,-13.512434479066846
AATTACGAGACCCATC-1,-10.159658334487553,15.289175977283955
AATTACTCGTACGCTC-1,22.03163229053287,1.2806925416847834
AATTCATTGTCATGCA-1,-11.594035508911087,14.636746114376173
AATTCCAACTTGGTGA-1,-12.977330155926017,-20.775641514920682
AATTCTAGAGTTAGGC-1,-8.853848527014302,-23.55021157491995
ACAAACCATGCGTCCT-1,-16.35699567540202,11.14551404549218
ACAAAGAAGGTAGGCC-1,-16.316487177174512,12.3488594122476
ACAACGGTCCCTGCGA-1,21.518632053815036,-1.7365575563156055
ACAAGCAGTGCCTAGC-1,9.444062389211014,-13.258463573330035
ACAAGCTATATGGAAG-1,0.4417591034631827,24.252717087730602
ACAAGGACAAGAGGTT-1,6.7435637468430025,-5.928005507848723
ACAATAGTCGTACGTT-1,-11.203873426195672,26.253938066643716
ACAATCCATTTAAACC-1,9.226570040651879,-9.521487724663837
ACAATGAATACGGAGA-1,-9.562111130893177,17.315105977629344
ACAATTTAGGAGGCTC-1,-5.892413050501604,17.529314812802163
ACACATGATCAAATCT-1,-3.3595554926767863,26.264044016568086
ACACATTGACGCAACA-1,26.75853105871644,2.769392286756019
ACACCCAGCATGCAGC-1,-6.5089560586343245,-13.427119657041766
ACACCCGAGAAATCCG-1,-4.902143535786643,-12.259706669161188
ACACCGAGCGCTCTTT-1,6.504382371770003,10.082054594573696
ACACCGGTCTGACCGC-1,-18.65355331846266,11.415191123700527
ACACCTTAAGTAGGGC-1,-0.6847823339723266,-17.983307420524977
ACACTCCAATGTCACT-1,20.050186980375166,-7.049229500294273
ACACTGATCAAGGTGT-1,17.27275736425722,8.10455200772343
ACAGAACTGAGAACAA-1,-12.460447229896895,14.499612082439151
ACAGGTGGAGGTGAGG-1,5.941039940271753,-9.15761204151326
ACAGGTGTGTTGTTGC-1,-5.543531952203947,29.54895187965453
ACAGTAATACAACTTG-1,-19.4095655310882,17.294179944308777
ACATAAGTCGTGGTGA-1,-4.687185212648277,31.718931139574273
ACATAATAAGGCGGTG-1,-23.14154706593936,-25.986181640021762
ACATCAGCTGGGACGC-1,-6.61234657970839,16.545489000418637
ACATCGATCGTTTACC-1,-5.641727941545106,-24.70072306472578
ACATCGGTCAGCCGCG-1,10.494538422994593,-13.984675095690706
ACATGGCTCAATTTAG-1,28.872279389585138,4.200552264103446
ACATTAGTTTATATCC-1,-0.23631433486575812,-24.300459397394608
ACCAACGCTTATTTAT-1,13.349885533929555,1.1214682429547667
ACCAAGAACGCGTGTC-1,-13.430580123322809,-19.1839070964711
ACCACAAGTTTCTATC-1,-4.784881204825816,-24.706249842569008
ACCACTGTTCAAGAAG-1,25.123179774767365,3.5573683981916573
ACCAGACCATAACAAC-1,-5.234841068099022,29.534276324894712
ACCATATCCGCAATAA-1,4.644250161315401,-15.597579863909305
ACCATCCGCCAACTAG-1,-7.161201923006193,17.248469287047495
ACCATCGTATATGGTA-1,18.709768666715632,-13.800710620318394
ACCATTAAGGGTGTCA-1,16.762487311546682,-3.4315614298998596
ACCCACCTACATGCTC-1,24.189353976871217,0.8633152968070421
ACCCATCTTGAGGGTA-1,9.45468395200798,-13.546823449237033
ACCCGGTTACACTTCC-1,19.74226043179064,-12.392364548754099
ACCCGTGTCATCAGTA-1,5.294465804174525,-21.779596398997235
ACCCTATAGGACTGAG-1,28.46117750765567,2.539942417896037
ACCCTATGCCATATCG-1,5.410939478443443,-18.670845618198395
ACCGAAGAGTCTGGTT-1,-2.956187508602876,31.572263073724443
ACCGGTCAGGTACACC-1,-6.732914179069487,31.317002677351276
ACCGTCCACTGGGCCC-1,-12.246832434674591,14.477830078785868
ACCTAAGTACCTTTCA-1,-1.191663960278754,15.269511298858976
ACCTAATCGACTTCCT-1,22.806978832152918,-1.1156573901720956
ACCTCGAACTTATGCT-1,-20.044254919159595,13.693669584104821
ACCTGCGTGTCATGTT-1,-10.426238899042644,20.517715629501826
ACGAAATGGGCGGCAC-1,9.078889595965743,-9.324850386304345
ACGAGGATACCACTCT-1,-7.1767454457632125,21.889284496406642
ACGAGGTTTACAACGT-1,-3.8082536523107735,30.44803591481629
ACGAGTCGCCGGCGTT-1,-4.022433502683288,-8.990039041541436
ACGATACCTATCCTGA-1,-7.633707353177471,31.722485500267045
ACGATGCATATGTTAT-1,11.2891982741267,-4.989715002292235
ACGCATTCGTGAGTAC-1,-12.279398958293882,-23.506757482659495
ACGCGAAGTCAGACGA-1,10.784588182751751,-4.030667744611715
ACGCGCTACACAGGGT-1,13.001879442354497,-10.490328717944884
ACGCGGGCCAAGGACA-1,-12.41189962819156,-24.919382819448057
ACGCGTTTCTTAAGAG-1,-0.9849240365254263,24.256072652624198
ACGCTGTGAGGCGTAG-1,-10.931154857563333,21.31006337096503
ACGGAATTTAGCAAAT-1,6.790787788349331,-5.301317629629756
ACGGCACTTGCTTGGG-1,8.495590270119147,-14.830627242567969
ACGGCCAACATGGACT-1,11.8776416029549,-7.493737254161922
ACGGCTGGATGTAGAA-1,-12.043778715201869,19.495030943123652
ACGGGAGTGTCGGCCC-1,-8.852326596787647,20.898169196346977
ACGGGTCATGTGACTT-1,10.492348489406416,4.128185471157446
ACGTCTCGTTCCGGGA-1,-11.493028588421954,13.078116309717503
ACGTGACAAAGTAAGT-1,-3.8474948393219255,27.97296100861325
ACGTGCGCCTCGTGCA-1,-24.95186337903844,-19.674381759906595
ACGTTAATGTCGAAGA-1,-16.702411556102202,-24.66789784826251
ACGTTAGATTTGCCCG-1,17.413641873221476,-9.100132989882878
ACGTTATTGGTCACTC-1,6.126843101801308,13.869070579571463
ACTACATCCCGACAAG-1,-14.999266212302599,12.039827451683138
ACTACCAGCTCTCTGG-1,2.4231783839740073,-18.16699994698567
ACTACGCGTTAGAATT-1,1.5309627732897482,-8.78286762278207
ACTATCGCCGGCTAAA-1,13.59036147833368,3.916308911119384
ACTCCCATTCCTAAAG-1,-17.865823452121024,20.385781342941485
ACTCGATGTATTTCAT-1,6.045959149643283,14.57595963392192
ACTCGTAACCCGTCCT-1,-4.819537701514672,27.177267072078816
ACTCTAAACCTGGGAT-1,-21.669467756140076,17.800945175990794
ACTGCTCGGAAGGATG-1,-12.046246591613507,31.125281540044817
ACTGTAGCACTTTGGA-1,2.1754529477276927,-8.158337192163458
ACTGTCCAGGATTATA-1,-1.7638512533929558,-22.70533277964207
ACTGTGCTAGTAGATC-1,-4.063587631448796,-19.057338579824247
ACTTAGTACGACAAGA-1,-2.9973636158040597,-18.824983738969422
ACTTATTAGGATCGGT-1,1.9886424249903396,-16.795516420444965
ACTTCCAGTGGAAGCT-1,-6.694931122954241,20.908535481473553
ACTTGGGACCCGGTGG-1,-2.452234296315868,-24.3130377395301
ACTTGTAGTCCCTTCA-1,-5.596956229176782,25.968196890952328
ACTTTGACTGCATCCT-1,-5.87033297958547,23.16462867480894
ACTTTGGTCGTGCTCC-1,-5.204349966086629,29.056581634847223
AGAACCCTCAATTGGG-1,-11.676531833722235,19.446790553691535
AGAAGGTACACTTCAC-1,-9.064466394524002,27.98574563283355
AGAAGGTTGCCGAATT-1,20.91185782922733,-12.937809720367115
AGAAGTGATTCGTGAT-1,-5.612278802689924,22.348037418640477
AGAATAAATCTTCAGG-1,-0.9183062138952036,24.213077798071822
AGAATTGTTTGACATA-1,22.610761517462564,-0.7330710781292197
AGACAGCTCAGAATCC-1,1.490702582952806,19.745809268397537
AGACCAAACCACACCT-1,-5.0497759003255664,29.793333571061616
AGACCATGGGATACAA-1,19.50728278918842,-4.532223792698525
AGACCGGGAAACCCTG-1,-13.27405046090659,23.49052691983602
AGACGACGATGCCGCT-1,-7.788673966424249,10.30783718104664
AGACTAGCCTTCCAGA-1,-3.03854107150181,-20.784523772329894
AGAGAAGGAGTACAAT-1,-10.7993517316457,10.092796992205246
AGAGATCTCTAAAGCG-1,-12.235688516473301,27.97548055828843
AGAGCAGTTATGAGAC-1,2.0685025811121447,13.188533613176322
AGAGCGGGCTAATCAT-1,-25.405238532120443,-20.107391528830576
AGAGCGTACAAGCTCG-1,19.9786599176445,-6.204230332396986
AGAGCTACGAAAGCAT-1,29.69582797330022,4.136806629549721
AGATAACTTCAGGGCC-1,4.766475720176025,-16.705021092683463
AGATACCGGTGTTCAC-1,13.953609320043048,-10.499431653955577
AGATACGACTTCATAT-1,-5.842870020723945,-18.682691167918435
AGATGACTCGCCCACG-1,-14.001226954466379,-21.9152398308909
AGATGCAAGACGTGCA-1,-18.44761690003522,12.585860099267997
AGATGCATCCTGTGTC-1,-18.823203094662176,17.043539650134658
AGATGCTATAACGAGC-1,24.18147178713629,1.7116194525603934
AGATTATAGGACGTTT-1,4.8400962019467935,-18.065749185935264
AGATTCACAACCGATA-1,-8.370450714055957,22.41974990682555
AGCAACCGAAAGTAAT-1,-18.99479357755505,15.367759556873414
AGCACTACCGGCCTGT-1,9.610229930183879,7.153734637320671
AGCACTTAAGGACGCC-1,18.418474958122324,-12.99172883074806
AGCATCATTTCGAAAG-1,-10.384334708863694,11.250229253059693
AGCATCGTCGATAATT-1,-6.407247152785409,-13.55201567608203
AGCCCATACATGTAAG-1,3.990249730289749,14.249373396652691
AGCCGCAAATTCAAAT-1,-12.32897825374389,29.49298798746645
AGCCGCTTGATTAGCG-1,28.60772226946473,2.522947817068372
AGCCGTGGCTAAATGT-1,-10.122587358796732,21.342646300315046
AGCCTAATACCCACGT-1,-7.705268540313418,29.78637780062826
AGCCTTAAAGCGGAAG-1,8.237055358550302,9.06577593848782
AGCGACAGGAACGGTC-1,3.2256427025753984,-6.807982783689479
AGCGACATCCCATTCA-1,-23.874682649770868,-24.036031607099897
AGCGCATAATGAATCG-1,11.0516828038497,-16.64679435346625
AGCGGCGGTTAGCGGT-1,-12.081116247123665,31.108539139577534
AGCGGGAAGGGTCCAT-1,-24.188793559015878,-19.190438994046026
AGCGTACGAGAGCTAG-1,-3.4688811775243216,-6.108637808429138
AGCTCTTTACTCAGTT-1,18.65308755839849,-14.760934010793703
AGCTGTAACCTCAATC-1,-5.822579929972395,16.92971210355893
AGCTTGATCTTAACTT-1,1.545824403834432,21.507151116739227
AGGAAAGCCTCTGATG-1,2.797436668765248,-9.507168612251487
AGGACATCGCACGTCG-1,-22.828760650473075,-25.55792708865994
AGGACGACCCATTAGA-1,19.42532951522785,-14.60297469664667
AGGACTTATAGGAGAA-1,15.42015958634101,5.259968901218895
AGGATCACGCGATCTG-1,-19.491811512620064,19.27571119173527
AGGCAATACGGAGGAC-1,2.7913471413783473,-2.6453701272764145
AGGCCACCCGTTATGA-1,6.004836810632957,-9.731382031050593
AGGCCCAGTGACTGGT-1,25.3997760996695,-0.2850083055504454
AGGCCCATTGTACAGG-1,-23.9639578910345,-22.96582508116726
AGGCCCTAGAACGCCA-1,0.9554000441255223,21.144524405459826
AGGCGGTTTGTCCCGC-1,-3.3853014147248066,26.214605091898523
AGGCTATGGTTAGCTT-1,22.982817019780168,-1.06765657554085
AGGCTTCCCGAAGAAG-1,19.548046186353403,4.725100319155565
AGGCTTGCTAGACACC-1,5.8960702755393894,13.10027276383253
AGGGACTCTACGCGAC-1,11.94229750846599,-16.18976968886693
AGGGCGAGCAGCTGAT-1,2.9722763849418596,19.40874908238516
AGGGCGTGATCGGCTA-1,-11.01849619650677,-25.56114964046458
AGGGCTGCAGTTACAG-1,-14.240858873240377,-23.415342311386432
AGGGTGGATAGTGCAT-1,-12.867990954159955,20.95054324408785
AGGGTTTAGTTCGGGA-1,-14.77193633679834,-24.71754142637414
AGGTAGGTACAAAGCT-1,10.070979552961333,-10.410597656577751
AGGTCAGGTGAGAGTG-1,-4.0773521069284255,27.98588157016755
AGGTGTATCGCCATGA-1,0.635428704148107,17.920037648866803
AGGTTCTCCTTTCCGG-1,-18.58984505604748,16.31618096465282
AGGTTTCACACACCTT-1,-19.85512312255354,-24.18337131293492
AGTAATGTCTTGCCGC-1,-24.35176192905813,-23.966506517076255
AGTACGGCCCGTATCG-1,-4.099327207056106,24.842186220034414
AGTATAATACTAGGCA-1,14.543879382234206,-6.799998275687816
AGTATGCTGGAGACCA-1,-11.077245841956652,10.143995609455999
AGTCAACACCACCATC-1,20.470064692715265,-12.871655651158825
AGTCAGCCACCGCCTG-1,5.036307511977826,-13.207743628133803
AGTCCAGCGGGTACGT-1,-21.160885140033415,-23.64623743430001
AGTCGGCCCAAACGAC-1,1.1101478344706834,-14.907283042188308
AGTCGGCTCAACTTTA-1,-2.1244154779221915,17.623602170846414
AGTCGTGGGCATTACG-1,-2.349285798880292,20.335008764658557
AGTCTCACAAGACTAC-1,0.39745630153930206,16.47089124928078
AGTCTGGACATCCTTG-1,19.763586885672453,-13.028687471601764
AGTGACCTACTTTACG-1,18.780539469692815,2.086031314685367
AGTGATATGAGTAGTT-1,16.141200531456636,7.0317772786522195
AGTGCGTAGCTCGTAA-1,20.3474845974845,1.1158052156664249
AGTGGCTCCGTCGGCC-1,-12.505733405237503,16.352785146538718
AGTGGGAGTATACACG-1,6.81890660652329,-10.937616350426065
AGTGGTGTTACCCGTG-1,-17.200662300554978,16.142759766701765
AGTGGTTGCGTATAGG-1,-10.571190057904701,25.877003134709405
AGTGTGCTAAGATCGC-1,18.49068797068458,2.0181244538036376
AGTGTGGTCTATTGTG-1,21.535301209912678,-1.3657185879348164
AGTTAAACACTTGCGA-1,19.298303534314496,-12.00183351391061
AGTTAAGTCAACCGCT-1,-13.018542572937791,16.505505989981174
AGTTACCCTTAAGACT-1,3.969012442540284,18.017222828628505
AGTTACCGCACATGGT-1,-3.2267813436152943,19.457440035305133
AGTTCACCGGTTGGAC-1,4.5069080031200714,16.432091539695907
AGTTCCTACAGAATTA-1,-2.512033662202323,-20.713396041226865
AGTTCCTATTTATGTT-1,-14.961836858776863,-24.92151707008481
AGTTCTGCGTTGTATC-1,24.12092664725691,-0.6815682051331969
AGTTGACATCGGCTGG-1,-6.367486785849482,-16.060658089008214
AGTTGCTGACTGATAT-1,21.265428038431978,-6.2188951851089715
AGTTTGGCCAGACCTA-1,-1.408329288584933,13.460783528324708
ATAAACGGACCCGTAA-1,-2.5253505917011405,-15.519723868189256
ATAAAGGCTCGGTCGT-1,0.058446744284527966,-22.31957155728055
ATAAATATTAGCAGCT-1,14.94946954223169,1.3561782738792043
ATAAGTTACCGCGACG-1,13.322842004721311,5.031606711191339
ATAATACCGTTAGCCG-1,21.76080428930329,-7.563628213436047
ATAATAGCTGTTGAAT-1,-9.520083208383245,-23.550406181186435
ATAATAGTGTAGGGAC-1,11.983806103423161,-8.000816116150196
ATACCACGGGCAACTT-1,16.565698590944244,-9.668844165749867
ATACGGAACGTCGTTT-1,-21.91010390926208,17.052738257090546
ATACGGTGAAGATGCA-1,-12.071825186046661,17.315289587562226
ATACTAGCATGACCCT-1,-13.487167099030627,-23.798764539998064
ATACTCTCGCCACTCT-1,2.5120205055127918,-5.415915100694287
ATACTTGTTCTCGAGC-1,-13.969517258327627,18.87595560076143
ATAGACGAAGAGAAAG-1,3.571692086715515,-15.894962627653124
ATAGAGTACTGGGACA-1,-4.931040602683278,-11.81917390555768
ATAGCCTCAGTACCCA-1,8.21959550896184,9.086921232424652
ATAGCTGCTCTTGTTA-1,9.631249098842178,5.1630254380810605
ATAGGCGGCTATAGAA-1,12.855057639979318,-9.807160489208847
ATAGTGAAGCGTTCTC-1,5.315136970033237,-15.321989516089513
ATATACATGTATGGTA-1,-19.552787321730104,17.208383861048354
ATATAGAGTATTGGTC-1,-11.237020821188496,18.251132355336882
ATATCAATTCCAGCCT-1,-2.6120572118909657,28.56458493217107
ATATCTTAGGGCCTTC-1,-10.271183902932924,-25.014964783186358
ATATTATCCCGTATTT-1,28.422060418158704,1.5753222026344633
ATATTCAGTTAAACCT-1,18.08741457392312,-10.3964203414242
ATATTGCTGTCAAAGT-1,2.916050906357477,-10.735770403553465
ATATTTAACCCTCAAG-1,-11.886641592371486,-26.006456177791446
ATCAAACGAAGGTTTG-1,9.013109578032992,7.030920668910043
ATCAATCTGGGCTGCA-1,-17.375717564171406,-24.203601332599188
ATCAATGCCGTGGCTG-1,-19.347985360431476,13.992989611041727
ATCACGTGCTAATTAA-1,13.080756350156411,-3.24301455962318
ATCACTTCATCCTCGC-1,-13.804368821274263,-17.7533631770936
ATCAGACGGCACGCCG-1,20.74494808881013,-9.368348070369441
ATCAGCTCGTCCACTA-1,-7.28187823388219,25.089893150067343
ATCATCCAATATTTGT-1,-1.7991536210986931,-22.458691269066698
ATCCAACGCAGTCATA-1,4.203504796552201,-14.571469669760967
ATCCAATGGAGGGTCC-1,3.73918055568339,15.721355714021284
ATCCAATGGTACCGAA-1,-8.842325947012721,27.987390973437865
ATCCAGAGCAACAACC-1,13.479195964603415,7.4337996703446985
ATCCAGGATTCGTGAA-1,18.557840000019205,-13.509012003207596
ATCCCATCCACAGCGC-1,-9.74358693852378,12.408914046184126
ATCCTACCTAAGCTCT-1,15.711305967274155,7.114380717287578
ATCCTGAATCGCTGCG-1,3.685275016081104,13.812451095134392
ATCCTGCGTGGAATGG-1,16.10797173085607,7.124625048155059
ATCGACCCAATACAGA-1,-4.2665620955654955,-15.46754828416636
ATCGACTCTTTCCGTT-1,-20.711073838634725,-23.914464143676533
ATCGCACGATTGTTCA-1,23.606436103679346,2.69978012770484
ATCGGTTACCTAGTAA-1,-16.134407286905507,20.029133185438088
ATCGTATTCCGAGAAC-1,1.6405631057858256,22.195784407148036
ATCGTCCAATCGAGTC-1,28.77233821482331,3.0955333011933575
ATCTAACGTCCCTATG-1,28.493290520003857,2.931552821206495
ATCTATCGATGATCAA-1,-4.653638121534986,-10.285334491322624
ATCTGATAGTGTCTTA-1,10.928221229041556,4.789639060946662
ATCTGTAATTGTACCC-1,-22.224439301948667,-26.119057672506983
ATCTTGACCTGCAACG-1,-4.541261631566478,-20.70032996040333
ATGAAGCCAAGGAGCC-1,-12.244700445586924,-20.857378577619723
ATGAAGTGGACCCAGC-1,-1.32685132214097,19.666862482183358
ATGACGCCGGCTCTAA-1,-9.99422917262748,-16.163256159558298
ATGACGCGTTCTATCC-1,-0.4289363363646527,15.532502764303592
ATGAGGAGTGTTAATC-1,7.9292075288817,-7.689796785679511
ATGATCGGGAATAGAC-1,-23.596040333512295,-23.16711290810623
ATGATGCAATGGTACA-1,15.441104663332398,3.824168138077689
ATGCACCTTCCTTAAT-1,5.472262154586181,16.075824511698507
ATGCACGCGCTGTTCA-1,-8.785615954050643,26.604220614771968
ATGCACTACCGCATTG-1,-8.228489316987009,-20.755525382928237
ATGCTCAGTGTTGCAT-1,28.135016856643997,3.191170625006614
ATGGAAATTTAAGGAG-1,-6.177356085005064,32.201163308174415
ATGGAGCAGGCCGTGA-1,-15.126792340661309,-24.31746562703248
ATGGCAGCATTACGAT-1,-18.185044370137035,11.609101612904132
ATGGCAGCCGAGAAAC-1,-18.47708709340601,13.877702693014637
ATGTCATTTCCCATTG-1,6.475529547689321,8.752386477659412
ATGTGAAAGCCTAATG-1,-5.563658216592799,24.725343390459145
ATGTGCATCCGACGCA-1,-22.7388442650079,-25.6137377773559
ATGTTACGAGCAATAC-1,5.348448709640371,-9.10472039513094
ATGTTCCTGCCCACCT-1,6.554125349979946,9.97038111098818
ATGTTCGTCGACCCAC-1,-0.6141502512631845,17.48198293898744
ATTAAACATGCGGACC-1,6.815997187628811,-11.84252944374887
ATTAACACCTGAGATA-1,10.561922659300075,5.442922408164832
ATTAATACTACGCGGG-1,-5.372433538783056,-16.720425483371482
ATTACGCGCTGGCAGG-1,14.682237376492706,2.152326166759906
ATTACTAGCCTCTTGC-1,-6.675073107065734,-17.23516470517212
ATTAGATTGATAGCGG-1,-11.996622843879068,-19.094219963473666
ATTATGAGACCCAATT-1,-17.864489854491897,9.869044656989479
ATTATGCCATAGGGAG-1,-10.427311000349745,-20.638330590378537
ATTCAAAGTACCTGTT-1,28.63128374559587,2.033994592024916
ATTCAGTAGCAGGGTC-1,22.138876045317414,-2.3144723750123775
ATTCATATACTGTCCA-1,3.746384843276615,-15.389516083747287
ATTCCCACATAAACAA-1,8.692490918747742,-9.04018859852056
ATTCCTCCGCCAGTGC-1,-2.3475575675433475,-17.82878950164683
ATTCCTTCCAGGCGGT-1,3.0803608050942763,-5.398597523239108
ATTCGACGCCGGGCCT-1,9.737101996942314,2.942248071917461
ATTGAAGATCTTAGTG-1,-0.2538348578771937,-23.409224358025856
ATTGATAGCAACGAGA-1,5.826724145058039,-3.5471559990748287
ATTGATCACCACATTT-1,-7.096677757120062,32.05182527913629
ATTGCTGCTCCTCCAT-1,6.277656142266748,-8.313426764105104
ATTGGTAGGATCCGCT-1,1.4899540305334331,20.771359567614205
ATTTACAGTTTACTGG-1,8.742509905299137,-9.390668553621689
ATTTCCGGGTTCTGCG-1,-8.61918520138389,8.776302227283827
ATTTGCGCGAGTAGCT-1,2.937278086801883,13.209410676371782
ATTTGGAGATTGCGGT-1,-20.390923517117038,18.86882877594489
CAAACCAGGTCTGCAT-1,-17.09323095993411,21.01728711862381
CAAACGAGTATCGCAG-1,13.558242898457316,5.4805877807557195
CAAACGGTCGCACTTT-1,7.660839182172756,-13.897005295140547
CAAAGATTATTGGGCC-1,-3.9300559606002357,19.114911375718574
CAAAGTCAGGTTAGCT-1,25.937619805944045,1.5828057781595708
CAAATCTCTCACAAGG-1,-4.986938166029466,24.578318679912275
CAAATGTCCTTCCGTG-1,17.403736890740344,4.9129817433993335
CAACATGGCCTGATAA-1,2.99165846412926,-2.8583085673202424
CAACCGCACCTAGACA-1,25.374050188246784,3.008520388314618
CAACGACCCGTTTACA-1,-12.650092520151741,-18.37174695442569
CAACGGTTCTTGATAC-1,-9.66479563443259,-20.201333422785986
CAACTCCTTGATCCCG-1,-15.343779635265465,-23.548330061435774
CAACTGCTCATCCGAT-1,2.0626562565865645,-14.122503410287983
CAAGCAACGTCGGAGT-1,20.166144984328746,-4.2268060975861745
CAAGCACCAAATGCCT-1,-25.839308300455468,-20.062687796633785
CAAGGATCGCATGTTC-1,-18.626438300336215,-23.43870144969902
CAATACGCTCTGAGGC-1,-6.997829654486275,23.486090563580035
CAATATTCTTGACCTA-1,2.269591143583238,-7.586809735402759
CAATATTGGACTAGTG-1,30.1121810578898,4.425218361856636
CAATCCTGCCGTGGAG-1,5.30603451288504,-3.412201217444279
CAATTGGGCCGCACTC-1,-3.1352630985424494,28.006406375432636
CAATTTCGTATAAGGG-1,-7.7895326222919135,-24.44897401365895
CAATTTGACCGGGAAG-1,26.93047564405671,2.9134274213635067
CACAATGAGCTGCTAT-1,19.497276909809145,-12.882718889126249
CACACAGGGATAGATT-1,20.32900632982129,-2.7433486773437643
CACAGCACCCACGGCA-1,-13.705755910295098,-25.443209293864534
CACAGCTAGGGAGTGA-1,-14.856930199566463,-23.361980924178265
CACATGATTCAGCAAC-1,-5.598966396000211,-22.02642176111735
CACATGTTTGGACATG-1,22.792881166987083,1.9118512758154431
CACCAATCATCCGTCT-1,-11.03538624173997,16.745929160525694
CACCACGCCACACAGA-1,-7.06684513755541,26.861357541339256
CACCAGTCAGCATGCA-1,-19.53174006044324,12.872688060137428
CACCCACACGTCACCC-1,-14.612645483587984,-20.760601685264625
CACCCGGTTTGTGACT-1,2.552079916884878,-8.054147282010653
CACCCTTGGTGAGACC-1,-10.476241426068123,29.361080016874997
CACCGTTAGGGATCAC-1,13.858457272360114,7.782213796701703
CACCGTTGCGCGATAT-1,-0.7931679132288038,17.952059653438074
CACCTAATAGAGTCGT-1,25.133913420995086,-0.5483291661563774
CACGAAAGTTAGTCCC-1,8.568024145870657,-10.56701720863965
CACGCAGCGAGGCTTT-1,1.3694791636411594,-19.34144204240712
CACGGGATTGAGGGTT-1,-14.162137595565953,17.913104306280903
CACGTCGGCAACCTCT-1,14.2030752444008,-1.2207683825148221
CACGTCGGGTTCTAGA-1,11.622273582095104,4.632825353211877
CACTAAAGTTGCCTAT-1,2.850284914788752,-17.092600199222495
CACTCAAGAGCTATGG-1,4.256727774062269,-19.486033975898955
CACTCCTATGTAAGAT-1,-8.846159729994167,8.801563465429657
CACTCGGTTAGGAGGA-1,-5.924573386128842,23.90783417501083
CACTGTCCAAGTGAGA-1,-14.724206765255877,-23.901648721882186
CACTTAATCAGACGGA-1,4.478861764400214,-18.35934682831337
CACTTCGCCACAGGCT-1,15.936298541898372,-6.721501184247244
CACTTCGTCTTATCTC-1,21.41421464673033,-7.768044940905126
CAGACACCGATCGCTG-1,13.726617039056345,0.42456076574109747
CAGACGAACCTGATAC-1,16.615522030901687,8.44927654742538
CAGAGACGGTCACCCA-1,11.073885081652225,-4.236728942751439
CAGAGGCGATGCATGA-1,16.278861574327095,-10.662141162859067
CAGATACTAACATAGT-1,-4.983599346110835,-11.317412528988067
CAGATCCTGGTTTGAA-1,-8.477863467989637,11.253253664070389
CAGATGTTTGTCCCAA-1,-14.3665973490322,14.824576094518601
CAGCGATTCCCTTCAA-1,13.447569133334934,-14.050657312859235
CAGCGCCAACACGATA-1,-10.918564070084802,30.293579080705683
CAGCTCACTGAGACAT-1,-6.0332707062583975,-23.38534736957737
CAGCTCGTGCTTGTGT-1,-23.865494851045437,-20.289571706966942
CAGCTGGCGTAACCGT-1,-8.93326325522147,27.78628282408215
CAGCTTAGTAGGTAGC-1,8.607658781775596,-11.359621968361715
CAGGATATATCGTTGT-1,3.165718770085163,-17.180649032771125
CAGGCCGTTTGGGTGT-1,18.847406189173267,-13.925727915913894
CAGGCGCACGGTGGTC-1,-2.1951796521488354,14.81640546723824
CAGTAAGGGACGTCTC-1,-17.49141842016702,17.33333036911299
CAGTAATCCCTCCCAG-1,23.313862355338603,-2.113491808240952
CAGTACCAGTTTACGT-1,-11.178686454459463,22.24300140645531
CAGTAGATGATGTCCG-1,10.967112179092998,4.222863272844382
CAGTCGGCCTAGATAT-1,-16.8693286357923,12.202545903910297
CAGTCTGTATACTGGG-1,-6.907557792391953,-18.01375153056177
CAGTGGTTGCACATGA-1,27.96502782450622,3.4503414941907
CAGTGTCCGCAGAATG-1,-19.89347951244749,-22.996654790600008
CAGTTCAAATTGACAC-1,-7.5281376381934395,-20.930626813910127
CAGTTCCGCGGGTCGA-1,14.633222719002461,-8.686316077341136
CATAAGCTCTCCGTCT-1,-11.404326214622529,23.373203302864617
CATACAAAGCCGAACC-1,-18.364448077883658,-22.42137792430685
CATACACAAAGTCAGC-1,-20.40371082880195,18.848739667049106
CATACACGGTTCCCAC-1,1.7400327353280587,-21.607707271767232
CATACCCGTACCCAGT-1,13.669375286611832,-10.357265547282255
CATACGGCGTCTGGGC-1,-9.405279168395857,-25.1128861362903
CATACGGGTGCATGAT-1,-6.432918731525303,-20.434378425045054
CATACTATGTAATTGT-1,4.557844087660048,-17.103760239731223
CATAGCCGCCCGGGAT-1,21.94754896810884,4.073506189250325
CATAGCGTTGCCCACC-1,11.97118917442858,-16.309781685089657
CATAGTAGCATAGTAG-1,-9.961086974148179,-21.953480844066533
CATAGTCCACAAGAAC-1,-1.2905623814304157,11.63909489021027
CATATAGGTACAGTCA-1,10.117637457416148,-4.440952766621496
CATATGTCAGGCTACG-1,-6.403099064159281,22.830149474095897
CATCAACACCTACTAA-1,6.079976835645447,10.216635027253487
CATCCGCAGGCCCGAA-1,21.6111422479265,-8.138113373352859
CATCGAATGGATCTCT-1,-7.29063560037607,-14.480320234926918
CATCGCCCGCGGCCAA-1,-25.815090766719987,-20.7454574445517
CATCGGACGGGTTAAT-1,5.1511639797876425,-15.017352046866776
CATCGTCCGGTTACTA-1,3.777494911859978,18.153127775994463
CATCTGCAGGATCATT-1,-1.826320879613981,18.61933655612574
CATGATGCACAATTCT-1,-22.408628093857686,-21.41069864891716
CATGCCAACTCGCAAA-1,-7.492869092626282,25.12474639465452
CATGCGTTAGACAGAA-1,-24.71268459102976,-19.320116224121325
CATGGCAGGAAGATCG-1,-25.200625219361665,-21.381078235748653
CATGGCTCCCTATGTC-1,4.089476463274908,15.015206726488092
CATGGTATTAGTTTGT-1,-8.79509572665227,19.997127087724785
CATTACGTCGGCCCGT-1,-23.180034720792595,-25.06250101996476
CATTATGCTTGTTGTG-1,-18.83882867818851,9.723808859403633
CATTCAGGTCAGTGCG-1,-17.16596437991451,-22.41831917793391
CATTCCCTAAGTACAA-1,24.32300531946608,-0.3741550404981335
CATTGCGAAATGGGCG-1,-12.891009756970375,24.422407038266343
CATTGTGTGCTAGATC-1,24.972472263678657,-0.637847965742516
CATTTCTAGCAGACTA-1,7.377594404379924,-3.858900193047072
CATTTGAGTGGTACGT-1,18.02104196770818,7.273133901372547
CCAAACAGAACCCTCG-1,-9.057759754903616,-17.075565274621525
CCAAAGCAGTTGGTTG-1,21.162892181809728,1.816196169047765
CCAACGATGCACTGAT-1,16.96160237019654,-13.657830420404666
CCAAGAAAGTGGGCGA-1,17.186631474990172,7.5317859434027286
CCAAGACTTCTGCGAA-1,-8.119224271195671,-15.013832363415764
CCAAGGAACAGAGAGG-1,-24.94789477074141,-21.051830363811728
CCAAGTTTCTACAGAT-1,12.882934877120919,4.858656125392523
CCAATAGATTTCATCT-1,-12.271493773402717,28.21925789753487
CCAATAGTGCCGTCGA-1,6.019932266217363,-9.553524350717689
CCAATGTCACAGCAAG-1,4.660739473717005,-15.462506447086614
CCAATTGAATGTTAAT-1,-4.180442731556147,-15.333636750984809
CCACACTGAGATATTA-1,10.196016313820623,-7.4767480228787315
CCACAGCTGAAATCAT-1,-21.437421751001715,-23.90848712528786
CCACATGGCTCTTTAT-1,-4.016143260996135,28.01025821632585
CCACCAACTTTACTGT-1,2.662832879791833,-8.31447466817344
CCACGGAGCCATAAGA-1,-10.24029550326792,22.973860337261293
CCACTAAACTGAATCG-1,-16.910505088001226,-22.952261673983983
CCACTGGTGGCTGGTT-1,1.274436930282279,16.124413149901986
CCAGAAAGCAACTCAT-1,7.967915973244827,6.344455949181107
CCAGAGACAAAGCCGG-1,13.576357558350775,-4.608109278844188
CCAGCCTGGACCAATA-1,-8.002847209669431,-25.22596760943657
CCAGCTGATGGTACTT-1,2.996177444663483,16.505576689676197
CCAGCTTCCGCCCGCA-1,-4.729687430506988,17.77855022895549
CCAGGGACGTGGCCTC-1,-3.8647380591281135,-7.40239247123913
CCAGTCAAATCTCTTA-1,-10.146958064666357,29.48131427488971
CCAGTCCATTATTCGA-1,5.751270588248765,-4.022326798677307
CCATAACCTGTGCAGT-1,-3.4312703380032357,28.71709586919435
CCATACTCGCCTCTCC-1,4.586900032804362,20.10687497878252
CCATAGAGGCTGCCAG-1,-11.987658484135709,19.549622890671035
CCATAGGTTGGCGTGG-1,-23.093172141302283,-22.982902129684764
CCATAGTCAGTAACCC-1,22.556621537165448,-2.537420689565618
CCATATTGGATCATGA-1,24.78538062640844,1.1221195443991128
CCATCCATACCAAGTC-1,-20.641952530443398,-23.630471906588625
CCATCGCAGTTAAACT-1,-1.7006740378340535,-21.605692343631368
CCATGCCTGTTTAGTA-1,4.911714157291579,-17.005928917134277
CCATGCTCTGCAGGAA-1,-13.003635058724038,-18.50581992487036
CCATGGCCCTTGTACC-1,11.698207025173225,7.150957651228565
CCATTAGCGATAATCC-1,5.42251195809735,-11.24938755094877
CCATTCCCTGCCCACA-1,14.696568217166385,-9.176419140900938
CCCAACATACGTCGCG-1,15.423114627604033,-12.05556673267114
CCCAATTTCACAACTT-1,11.794956349081271,-6.266699999249502
CCCACTCCACGGTATC-1,-17.803988719532814,15.75602240103991
CCCAGTAAACTTGGGA-1,-9.839870633909936,26.575334438437288
CCCGAAGTTTCGCGAA-1,-12.872647691882799,14.913906589418293
CCCGCCATGCTCCCGT-1,-15.991490185951973,-26.190079335068475
CCCGCGCAATGCACCC-1,23.788162580366425,-0.9493602203065178
CCCGGCTAGGTGAGAA-1,27.495967864621367,1.5397259626023008
CCCGGTGGAAGAACCT-1,10.031363906627663,4.072029220491844
CCCGGTGTATCGGAAT-1,-8.646816453739566,15.479268764468117
CCCGTAAGTCTAGGCC-1,3.2120465423118993,10.696020655181359
CCCGTAGCTGGGAAGA-1,5.527774983285369,-18.419258349428354
CCCGTCAGCGTCTGAC-1,-7.170068263673434,-13.552318542761785
CCCGTGAGGGCGGTGA-1,-14.07674988200597,10.671010145296304
CCCTAGGCAACAAGAG-1,-16.330072964868048,12.515163702229648
CCCTAGTGTCAGGTGT-1,5.2813134761396,-3.0148300973928968
CCCTATGTAGAGCAGA-1,-19.371034952679587,11.21745926995524
CCCTCAAGCTCTTAGT-1,6.2478286370361165,11.246758594072313
CCCTCATTCTGGAATT-1,-20.588918888702967,-22.76920457476785
CCCTGAAATGAGTTGA-1,7.948975364258247,-9.086895363729333
CCCTGACTAACAAATT-1,-8.005156129025165,28.33994962274048
CCCTGATGTAACTCGT-1,23.38739112589776,-5.1194974871872745
CCCTGCCCAATCCGCT-1,-12.837346383432974,21.940475430291105
CCCTGCGCTACGCATA-1,8.764635616696442,-3.839472127740891
CCCTGGCTGTTCCTTC-1,-19.202697482775225,13.764420433277392
CCCTGTTGGCAAAGAC-1,23.664181353404718,0.7577475493161189
CCCTTTGACAGGTCTT-1,17.175219308215716,-0.6546850622323298
CCGAAAGTGGTGAGCA-1,9.977272973972623,-6.4342748343976295
CCGAACACTGGGCCTC-1,-3.241907314121258,21.254491346394232
CCGAAGCATTGACCAA-1,-9.547184222866589,17.831280598323634
CCGAAGTATATTGTTC-1,15.150988222064568,-11.057967059310599
CCGACAAACACATGAG-1,19.283213789831102,-10.910033322571069
CCGACAAAGGGAGTGC-1,7.865279966590388,5.0017019528205005
CCGACGGGCATGAGGT-1,-11.159894054151144,12.874045014040735
CCGATTCGAGGGACCC-1,-2.1857317514953905,20.448808942558596
CCGCACGTGACCTCGG-1,13.931056086599273,-5.993165183434308
CCGCCGGAACTTCTCG-1,-12.725139667373057,20.696887860089344
CCGCCTTGCGATGTCG-1,-11.793504977562485,18.40597106624195
CCGCGATTTGGTAGGT-1,-8.831201378565057,29.87096216216131
CCGCGCAAGATACCCA-1,-16.529168367295707,17.692790007302946
CCGCGGAATGCGTCAC-1,17.846730144215694,5.2322554537449735
CCGCGGGTACGAAGAA-1,8.402132408979012,-10.828202970963563
CCGCGTAGGTAAGGGC-1,11.417150639208984,3.396338599744009
CCGCTATCAGCACCAG-1,-10.402734953897086,-23.556932405824128
CCGCTTACCTCACTCT-1,15.327693523608904,-3.4657063747194474
CCGGAATGGTTTCAGT-1,16.79270661642385,-12.524825778353277
CCGGAGCGTACTTTCT-1,1.9231273881832058,-14.79957944592893
CCGGCCGCGAGCATAT-1,-16.8213088367723,21.007328644042502
CCGGCGCATATTGGAT-1,-24.849369481262887,-21.909098511877684
CCGGCGTGAGACTCTG-1,-19.875775930054797,16.875924408805158
CCGGGACCCGCAGAGA-1,-22.672413166359988,-25.80087664023857
CCGGGTTCGAGGTTAC-1,14.775614863848672,-9.410093627971104
CCGGTGCGAGTGATAG-1,20.120972493279176,-1.4543129097478884
CCGGTTTGTAATTGTG-1,12.563744333701631,-17.61371908766961
CCGTACCCAAGCGCCA-1,-23.135103529925324,-20.70387836849378
CCGTATCTCGTCGTAG-1,-7.11229876226323,18.723840101949015
CCGTGTTAAATTCCAT-1,13.142685857357531,-2.9011487478399522
CCGTTCCGAATCTCGG-1,1.9447727940966304,15.280330721525415
CCTAAATTAACGGTTC-1,-16.4834692919212,-25.6390604400632
CCTACATTCACAGACG-1,1.1018941096809736,10.929537997199226
CCTACGGCTCAGTCGA-1,-3.293184242353269,-18.850301508191993
CCTACTGCTTACACTT-1,-5.750919660973565,-15.327304959594194
CCTAGGTAAAGGTAGC-1,-5.69529945771576,29.747058344240372
CCTATACCGTCCTGTC-1,13.792431238074421,-13.72542814505486
CCTATATCGTGTCACG-1,-7.2959147098264925,22.96038231007538
CCTCAACGATCGCTGT-1,-19.60207809798702,16.85574172970385
CCTCACCAATCTTGAC-1,-4.870098166837094,-10.967687955979168
CCTCATGCAGCTACGA-1,-22.55248410347205,-24.78872538758183
CCTCCGACAATTCAAG-1,18.37460873876883,-13.185268772318869
CCTCCTAGCTAGAGTC-1,-21.38028399839768,15.913415591690212
CCTCCTGAGCCCACAT-1,-8.326305081280465,27.2516919161259
CCTCGGATGCTACCTG-1,-18.67619271879775,15.616643493377534
CCTCTATCGATTAGCA-1,-12.852741301379101,16.08367705448925
CCTCTCTCCCATCTAG-1,17.986035189809265,-6.907664542896275
CCTCTGTACTATTCTA-1,-3.1393723955011787,-22.92493170623799
CCTGACAAACTCGCGC-1,5.414834006115614,11.914802333535539
CCTGACCACCGATGGT-1,-2.742853037990812,-21.624443802414564
CCTGCCCGTTGTCTAG-1,-6.592873716235359,27.213298088924436
CCTGCGATAGAACTGT-1,29.370323369864472,2.2555006969300457
CCTGCGTTCTACGCTT-1,-2.2645732609890055,18.130348389845476
CCTGCTATTTGAGAAG-1,-5.021113913086243,-10.885778709150637
CCTGGCTAGACCCGCC-1,-10.209004746354282,-26.31587324913216
CCTGTAAGACATGATA-1,12.841444671327235,-9.02970167233772
CCTGTACTCACGCCCA-1,1.7192841799582892,15.410334481327077
CCTGTCGCCCGTAAAT-1,-8.878324101859716,-22.86472586478929
CCTGTGAAACCGTAAC-1,-3.94016859008926,24.054578905897586
CCTGTGCATAGGAGAC-1,-14.132496042073731,-23.22240995097661
CCTTCTCAGCGTTCCT-1,-10.770423622519662,19.141753547087546
CCTTTGAATTATGGCT-1,-2.5944711677514323,27.52102962531311
CGAAACGCAATTCATG-1,8.41329571232753,-9.497762106303313
CGAACCCGCATGCGTC-1,15.40440906572704,5.565005602848157
CGAACGGCCGGACAAC-1,-16.739893197732453,16.01121986397995
CGAAGACGGTGAGTGC-1,-10.873466642141484,28.42408570809438
CGAAGGGTTTCAGATT-1,-20.04047633843238,14.270816010810657
CGAAGTTGCTCTGTGT-1,18.71867467057761,-13.127084902612806
CGAATGAAGTCATTGC-1,-18.132670977541668,11.82132478469081
CGACAGTTCGCGTTAT-1,11.777674442519373,-7.586068894132615
CGACCCTTAACGCCGG-1,-19.2423437684213,18.864829338360142
CGACCTACTAGACAAT-1,-15.016045739566103,11.38054514143918
CGACGCATCCGTACCT-1,-11.838866865256113,31.076615964265304
CGAGACCCTAGAGTGT-1,-5.066941956423033,-21.926437458094664
CGAGAGCGCGTAGATA-1,-17.571283442542295,17.727423189439282
CGAGCACTTCAAGTTT-1,24.302317708049916,1.0391728949143038
CGAGCCGAGCACTCGA-1,24.10262906974646,-5.098087790171807
CGAGCTGGGCTTTAGG-1,-25.395295331698833,-18.92088525966922
CGAGGCCAGGCATTGG-1,28.54374007656866,3.617953372698879
CGAGTACTAAAGAGGA-1,15.324877250203256,-10.50351172514893
CGAGTGAAGGTACCAG-1,-0.8039987582589245,14.806948828351263
CGATACCTCGCGGACA-1,18.29001960212265,-13.569197937797007
CGATAGCGATACAGTG-1,-16.669956781565936,13.039106808369594
CGATCCGACCCAGTGC-1,5.215598987688646,-8.557489146105455
CGATCTGTTGGAGGAC-1,0.5099342381751645,24.171996484919166
CGATGTTGTTATCTAC-1,-1.96577068350843,31.557119641958764
CGCAAACACGAGTTAC-1,4.323706835316923,-11.424005761709754
CGCAATCGATCATTAG-1,5.084478036829075,16.505516064339236
CGCAATTACTTTCGGT-1,15.89137412365332,-8.072532227997094
CGCAATTAGGGTAATA-1,0.05191087644257414,-16.721639131205745
CGCAATTCTACAATAA-1,18.64881009544091,-6.590067989993244
CGCATGGTGCGATGCT-1,-15.661923983108219,-23.576018514624035
CGCCAAGAAGCCGAGT-1,-18.412487648598912,20.25593360994291
CGCCAATTATTGCGTT-1,7.522771483957854,-9.2902639541795
CGCCACAGGTCGCGAT-1,-11.101549094287243,28.89642700881127
CGCCACCCGCATTAAC-1,2.0057690665504686,-6.807528873575755
CGCCCTAATTGTTCAA-1,-20.20819620426977,13.69496130563892
CGCCCTTGAAGGCTGA-1,10.314968935858284,4.23457486787377
CGCCGACTATTCGCTA-1,-5.388985757284309,26.173842317761384
CGCCTGGCCTACGTAA-1,3.325348124747021,18.06928105076577
CGCGACACTGCGCAGC-1,3.9463749283587184,14.119166081350253
CGCGAGTCTGCCGGGT-1,-11.148210874775744,12.15008998214689
CGCGCAAATGTCCAGA-1,-15.24238287370884,10.740869159722267
CGCGCATGTTTGATTG-1,17.735020178915377,4.637025588352774
CGCGGCAGTATTACGG-1,25.45837520431198,2.484894422887904
CGCGTTCATGAAATAC-1,-4.914592188745289,-11.129630094306409
CGCTACGGGACATTTA-1,10.62514556617568,-6.767223969727716
CGCTATACCGCCCACT-1,-14.524920976631774,-22.58830351449514
CGCTATTCAATGTATG-1,7.024271827348879,-3.937606102211134
CGCTATTCTTAGGCTC-1,-7.115316896629425,-24.659990629186293
CGCTCGACATAATGAT-1,-10.79887597132267,-22.43946905685377
CGCTCTCCGTAGATTA-1,23.65534929083834,-0.6921201101331753
CGCTGTGACGCCGCAC-1,-7.012155822464553,-12.589571592338753
CGCTTATTCCCGGTCG-1,9.586244223726611,3.055303440027664
CGCTTCCACTGAAATC-1,-7.401027792312991,-18.9290569800712
CGCTTTCATACCGGTG-1,-25.890231346426155,-20.507821217365397
CGGAAAGCAAATGTGC-1,6.114987364399727,14.363990223567077
CGGAACGTAAACATAG-1,15.012712746807807,3.5422477909577537
CGGACGTTACTTGAAG-1,-8.395564787361605,28.722265894221152
CGGAGCAATTTAATCG-1,1.6189633809533799,-21.61843412185056
CGGAGCATGGCGATCC-1,-17.38960767655293,-24.34207287480525
CGGAGTTTGAGAGACA-1,17.933663800051665,-10.53076444642543
CGGATAAGCGGACATG-1,16.500642266394383,-3.135266797242658
CGGCACTCAAGAAAGT-1,-6.372402513168925,-21.843812242359427
CGGCCACGCACAAAGT-1,-6.462335479012084,-25.518615112142754
CGGGAATTTATGTAAA-1,-10.763086475706988,-23.087943621593308
CGGGAGTATACCGCCG-1,5.622565605073867,12.61211084079565
CGGGATCAATGTAAGA-1,-22.172589057142496,-23.383358721953226
CGGGCAGCTAAACCGC-1,-12.884505675715403,-25.42828596035576
CGGGCCATAGCCGCAC-1,30.219977049131636,3.8060414407773466
CGGGCCTTCTTTGTAA-1,6.186359074521934,-9.76159774231281
CGGGTTGTAGCTTTGG-1,-24.930977104450516,-21.11582733049872
CGGTAACAAGATACAT-1,-8.461849225201751,-19.484184724740587
CGGTACGGCAAACCCA-1,-18.702036467237452,20.479885910397506
CGGTGAAGACTAAAGT-1,8.115165255389181,7.750787659047066
CGGTGCAGATAGAACG-1,17.227032323948144,-11.524509597992031
CGGTGCGCGTTGGTCC-1,13.287770113220128,-1.1838090885794483
CGGTGTACTTGATCCC-1,2.3384310345642376,-14.134120660315908
CGGTTCCGGCTTCTTG-1,-22.970866880523026,-25.4041093249557
CGGTTGACCTGGCATA-1,1.749123820372321,19.4904891274967
CGTAAACGCTTGAGTG-1,4.4891783025304415,-3.568194279505376
CGTAATAATTACGAGT-1,12.562674211258969,4.991148214433063
CGTACCGAAAGTCTAG-1,25.082391604449235,1.1267775787850474
CGTACCTGATAGGCCT-1,-23.7594698635313,-19.763302264675467
CGTATTAAGAGATCTA-1,-1.8519022106352792,-22.549961711642514
CGTCAAGGCTATAAAT-1,-7.891131049484709,17.636268932999016
CGTCAATCTTTAACAT-1,22.91528182692718,-0.8680665974229825
CGTCACGTCCATTGGT-1,12.551071552031074,4.607443110597232
CGTCAGCTATTTACTC-1,6.763926211383504,9.824502915151495
CGTCATACCATATCCA-1,13.752623678426001,-5.018409816529851
CGTCCAGATGGCTCCA-1,20.269988645806475,2.4216040243142642
CGTCGCGGCGGGATTT-1,25.285330200954956,2.296419879915579
CGTCGGGTCTAAGCGC-1,-15.529795211809596,10.71669548113802
CGTCTGGAAGGGCCCG-1,-25.482130747646252,-19.74812992865608
CGTGAAGTTAATTCAC-1,3.7102214908862696,-15.274534255582255
CGTGCATTGTCGACGC-1,12.94260442964951,-10.596923995468195
CGTGCTGGCCTAGTCG-1,26.29418634295766,3.6376835383719537
CGTGTCCCATTCGCGA-1,-2.6090046389645103,-19.266731175515904
CGTTATCATACTTCCA-1,-18.006689335726378,13.559354075614351
CGTTCATGGTGCGCGT-1,-11.292772595160349,25.043181444042183
CGTTGTAAACGTCAGG-1,1.7860181428646944,13.271947782765595
CGTTGTTTCAATTCCC-1,14.822560479953252,-9.263309596895278
CGTTTCGCTCATTACA-1,2.178185199391994,-16.695222919160102
CGTTTGTGTAGAGGGT-1,5.067357349744544,-18.238340212052428
CTAAAGAATGCCTACT-1,17.997142930836546,-13.676266426287842
CTAAAGGGAAATAGGA-1,-4.3650182705846685,-20.5343236007516
CTAAAGTCCGAAGCTA-1,-13.61052693336125,-18.41792713563213
CTAACCGCGCGCCCGT-1,9.50796208812185,-13.356037721786361
CTAACTGGTCCGGTTC-1,3.0656580265349738,-6.844424605253033
CTAATGCGCCCAACAA-1,3.3250318803719416,-13.825576083626478
CTAATTCGCACGCGCT-1,15.496973757092546,-6.657179660674219
CTAATTTCAACAACAC-1,22.105592742115345,-1.33643037670538
CTACAAGAAATAACCC-1,12.466874061512863,-16.477307530391638
CTACGACTAGCTATAA-1,2.4108255175791573,15.170086663383664
CTACGCACGGAGTACC-1,-3.274281560069112,-20.880392777873904
CTACTATCATAGGTTT-1,-16.665650346179586,14.100149489369349
CTACTCTAGGCCCGGC-1,7.977207641800947,-7.819226757061523
CTAGATAAACTCCTCG-1,-7.356564855008045,-21.79548256651918
CTAGCATAGTATAATG-1,-11.228019356362898,-24.341504465771653
CTAGTCACGTCTTAAG-1,-14.598976622000864,-24.740956487856888
CTAGTGAAGGACAGGA-1,20.37564047590053,-7.09238281393499
CTATACTTAAAGCGAG-1,-13.367355695835677,15.444044494767793
CTATGTGAGTCACGGC-1,-9.308023106505338,17.76262860672892
CTATTCATGTGTCCCA-1,-9.209079925300488,-24.719400853485613
CTCACCAGTACAAGTG-1,2.7364918275464443,21.544590825331454
CTCACTTGGCTGGTAA-1,3.314408359301863,19.35436155426526
CTCAGATTGTGATAAG-1,-13.538842691126938,21.85111100093533
CTCAGGACTCACCTGT-1,5.500326894323212,-12.230278669378372
CTCATGGTAATTTGCG-1,-10.66210697622806,22.114778963408227
CTCATTCGTGAACATC-1,0.6597409403781092,23.736572245966137
CTCATTTGATGGGCGG-1,-24.2648115216044,-21.451421288200795
CTCCCTCCTTTCGATC-1,-11.772240323910118,16.4341064877149
CTCCGCCCACATGAGG-1,19.220419156320414,-10.900589150333618
CTCCGGCCTAATATGC-1,-14.627501088852725,-23.781437800474126
CTCCGGCTTGTAGACA-1,24.426476581487673,-0.8571225863501561
CTCCTAAGTTATGTCT-1,-7.081943546239594,-21.74160124405343
CTCGAGACATACGATA-1,-5.51378057020853,30.828185887777018
CTCGAGATCCAAAGCA-1,24.51549524228205,-2.067859739514216
CTCGCATTGCATAGCC-1,-14.265625135032533,25.129531283841203
CTCGGTCCGTAGCCTG-1,-13.727471293252824,-19.963214433503417
CTCGGTTGTCGGCCCT-1,-9.06901600761916,11.348870284741462
CTCGTCGAGGGCTCAT-1,-10.778347667695458,12.401044331140806
CTCTACACTGGCGATT-1,-5.782606372192707,23.007456372590916
CTCTCGCTGTACTATG-1,2.5160222363141242,20.07738559802437
CTCTCTAACTGCCTAG-1,-21.333969581585112,16.44588193066995
CTCTGGACGCCTGGTG-1,-18.416252287881633,-23.046601222766693
CTCTTGTCCCGCTTGG-1,1.2956598334375933,-20.338228754533766
CTGAAAGAGATCCGAC-1,-23.46191004013207,-19.588076976438398
CTGAATCCGAGACCTC-1,15.540157320850911,4.689767534992555
CTGAGCAAGTAACAAG-1,5.15752410196912,-3.3704264402501174
CTGATAGTGTATCTCA-1,-1.9746850580675552,17.216923246180183
CTGCACCTGGAACCGC-1,-23.13989255205231,-22.872282568969847
CTGCAGGTGCTCGGCC-1,4.781546014915662,-4.870373861458817
CTGCCATGCATCACAT-1,-3.511934482157842,-24.895674216755893
CTGCCCACGAAGCGTT-1,-8.571567273254193,22.609361222015604
CTGCGGGTGAAATGTT-1,6.885576221682039,-6.9785012510645235
CTGCTGAGGCCACGAA-1,8.436775502036348,6.617018567852928
CTGGAAATGGATGCTT-1,-10.96536466637503,-25.133012252393055
CTGGACGCAGTCCGGC-1,-11.18138635307677,30.614036064129774
CTGGATTTACACTTGA-1,17.568383809779,6.235007099762409
CTGGCATCCGAATGAG-1,-9.817528412244565,20.863412048661537
CTGGCGGGAATAAGTA-1,21.997167891298385,-0.3349756612207862
CTGGCTCCTGCGGGAT-1,-23.309704351367962,-23.991844486651143
CTGGCTGGTTGTCAGT-1,7.572767191321602,-17.575201923506434
CTGGGCCTGCTATATC-1,-2.570092737821678,13.15870174583809
CTGGGTTGAGTTAAAG-1,-6.776870603879763,20.718302278873217
CTGGTCATTCCAATCC-1,1.9985548707874097,16.371172379201642
CTGTACTTCTTAGCAT-1,5.238814417637409,-14.944799531802346
CTGTAGCCATCTCACT-1,12.746967729283103,-16.014768039424506
CTGTATGGTGTAGAAA-1,5.31969337579751,-7.313465663524914
CTGTCTGTGGCTGGCT-1,9.376824030921796,-2.5270126799373642
CTGTGCAGGGTAGGTC-1,-21.381992124468777,-22.455724564631694
CTGTTACCCAATCTAG-1,19.209519897313598,-0.31330483411453913
CTGTTCACTGCCTGTG-1,-14.711354640886297,-21.276631587848694
CTGTTCATCTCACGGG-1,4.460724037448714,-10.734620374231438
CTGTTGGCTCTTCTGA-1,6.450324400374534,8.89154102790572
CTTAAATAAGACCCAT-1,2.513200608370076,21.533251911075784
CTTAAGCAGCGAGCCG-1,-11.349807270426002,18.19628713386895
CTTACACGGTATTCCA-1,4.145228155773201,-18.361113057224244
CTTACACTGGGAAATA-1,-13.517815641842557,-19.16397502682171
CTTAGCCCGGATAGTG-1,0.7682244443981483,16.04866464187028
CTTAGGTATAGACCAG-1,-11.126672697344688,11.540914796380736
CTTATGCGCTCAGGGC-1,-3.7678259912796848,23.599203195632498
CTTATGTTGACTACCA-1,1.4661346270669215,-8.706395339481732
CTTCAGTGGTCGCCTA-1,-9.029460316132168,10.806343748137103
CTTCATAGCTCAAGAA-1,-8.363189486627613,-22.612276872539265
CTTCATTGTCAGTGGA-1,-6.771516881706509,-24.715159154885534
CTTCCGCTCCGTGAAG-1,13.464795966109893,-17.061429929303312
CTTCGTAGATAGGTGA-1,18.943856668442027,-14.517872829089018
CTTCTATGTTGAAGTA-1,-18.289914858029437,20.118755622861766
CTTCTATTAATGCTAG-1,19.376276396267293,6.203589843794646
CTTCTTACGTCGTATA-1,-24.594001683062093,-20.163634099508446
CTTGAGGTTATCCCGA-1,28.155766930658416,-2.3397866408087706
CTTGCAACCGCCTCCT-1,-4.371552929841833,23.260285388918696
CTTGCCCAGGCTCTAC-1,20.20164963057875,0.8381789073409507
CTTGGCCAAGCTGGGA-1,-3.1711387269117246,-8.154623711937091
CTTGTACTTGTTGACT-1,-12.429801251895164,-18.15574638020241
CTTGTGAGGACAGCGG-1,7.916780919981928,-6.055031099489293
CTTGTGAGTCTTTGAC-1,-26.54723180471608,-19.185039699369522
CTTGTTTATGTAGCCA-1,18.1095992152345,-1.8970359445950686
CTTTAGTGCTATTATT-1,-10.510091350194081,-23.681568136233928
CTTTGACGTCGCTTCT-1,-15.269401058034855,12.463745083997825
CTTTGGCGCTTTATAC-1,-0.8465569367356145,17.64577280073985
CTTTGGCTTTAGTAAA-1,9.123182437121278,-5.659224342409303
CTTTGTCGAATGCTCC-1,-4.8325278747310705,31.766310015521164
GAAACATAGGAAACAG-1,-20.3456334185919,15.769709157675972
GAAACCGAATTACCTT-1,15.2730601224067,5.671672428923899
GAAACTCGTGCGATGC-1,9.10628131730679,-8.45149991809198
GAAAGCAGTGCACTTT-1,8.541511115853964,-14.7724782815738
GAAAGCCCTTTGGACC-1,7.220489914836098,8.720171628541566
GAAAGTGACTAACTGC-1,19.664414950684833,-6.339538685131841
GAAATACTAAACGTTT-1,24.40784309969777,-0.3296075121268649
GAAATATCACCATCAG-1,9.079362211029638,-8.344361906746357
GAAATCGCGCGCAACT-1,-23.769879987305284,-21.631084972964874
GAAATCTGACCAAGTT-1,7.513050655215817,8.39296646250225
GAAATGGCGGTGTTAG-1,-5.266083536887453,-22.834576491832255
GAAATGGGATGTAAAC-1,29.321133595883758,3.9660240122766206
GAAATTGTCTCTATAA-1,13.496455304534734,-3.8100832007712904
GAACACACATCAACCA-1,-5.1472967160814775,-14.557033916279504
GAACCTCGACCTACAC-1,-5.764042630303198,30.710615648663836
GAACGACCGAATGATA-1,-21.208046795838076,-24.120202737577937
GAACGTTAGGAAGACG-1,0.046683977543429206,18.148016899077188
GAAGAAACGATATTGT-1,-10.348721351103078,10.04772055108583
GAAGAACGGTGCAGGT-1,-25.4151774787776,-19.303934409258936
GAAGCCGGGTAAGCTC-1,4.352793768418635,18.39474339481366
GAAGCGTGAGGAATTT-1,-4.063204308555748,-23.20993600854752
GAAGCTCGGACCCGTC-1,-21.634594942196237,17.26341722860149
GAAGCTCTTTGCTTAG-1,12.807077745961445,4.253791883222265
GAAGCTTGCTGACCGC-1,17.18948398490529,-9.242602104859579
GAAGGACTAAATTGAA-1,-5.476942218997004,-21.055734198426123
GAAGGGCATAACCATG-1,29.53284878912233,1.844407620468861
GAAGTCAGTTGCACTA-1,11.158972520239855,-4.850594028159861
GAAGTGATTTATCGTG-1,17.556837397607573,-13.42311314112284
GAAGTGCTGGATAGCT-1,-24.742381996910947,-19.23248360034586
GAAGTTTCCACTCAAT-1,5.610741972627036,-8.135963946443736
GAATCGACATGGTCAC-1,-2.8481171473420677,-14.715252501233822
GAATCTGAACATTCTC-1,-6.466360231907986,-13.594143930504973
GAATGCCGAAATGACC-1,8.146682957096855,8.062675602404214
GAATGGGCTTATCGAC-1,-7.966172946768687,31.6633699519898
GAATTCACCCGGGTGT-1,17.684409053599648,4.356281615221162
GAATTTCTCGCTGCAG-1,13.349974109704474,-5.8445649655778436
GACAACGCAGCTTACG-1,-5.939433472426264,-14.851299307928466
GACACGAGTTAGAGGA-1,24.878362708615082,0.3889877190027614
GACACTGAGTTCAGTG-1,15.150415489848132,3.8300745256293904
GACAGATTTCTGGCTC-1,-12.466970943809192,13.546255674974677
GACAGGCACACACTAT-1,4.112921783347957,12.33498885966546
GACATACTGTCGCAGA-1,1.1096878866726927,18.11716354014883
GACATCGATTTATAAC-1,17.092678853335048,8.28512220593208
GACCAGAGCCCTGTAG-1,-2.151517291039445,-21.48641388211926
GACCCAATTATGATAC-1,-19.098427700951614,16.60956077306966
GACCGACTGAAGCGTC-1,8.18981530306384,7.164457559394618
GACCGTGCTGACGGTG-1,12.183577932601121,-14.783567215281849
GACCGTTACATGCGAC-1,-9.889051288064447,26.994566241203884
GACCTGGTCTGGGCGT-1,28.604386045544697,4.801668463096505
GACGCATACCCGTCGG-1,-15.043593212514724,15.979022955002064
GACGCCGTAAAGGCTA-1,14.204064131234338,-16.75008058014956
GACGCCTGTTGCAGGG-1,-17.047292057549168,-22.672471435413012
GACGCTTGCTTCTAAA-1,8.849835960922848,-13.566994447122887
GACGTGAGACTCCATG-1,-25.58173505363341,-18.590776309060967
GACGTGTAGGGATTAT-1,-12.043847490199056,-26.857941848628975
GACTAAGATCATGCAC-1,-6.012029447521849,-12.899180328105817
GACTAAGTAGGCTCAC-1,-8.405438806450789,-20.664531249131386
GACTACAAAGCGGTGG-1,-12.647123723046182,26.510924423509504
GACTCCTTCCAATTGA-1,-3.7935533875774894,30.79976585684341
GACTGCGGCACGTGTA-1,-4.55435638420262,23.727086431321077
GAGAATCTCACGATCA-1,-12.52986214310204,20.873255360694735
GAGACTGATGGGTAGA-1,-15.160179108454823,-25.42901633044481
GAGACTTCGCGACCGA-1,14.430766881638498,-8.652343432734273
GAGAGCGCAGTCCCTG-1,1.161331697984854,22.364134281490987
GAGAGGGCGCGAGGTT-1,18.90728091763789,-7.448705606998339
GAGAGGTGCATTCTGG-1,3.112926647587394,16.888955529560246
GAGATCTGCTTGGCAT-1,1.6873728043459915,-18.09058086626295
GAGCGAGGGAGTACCG-1,-21.67555042528535,-22.319602443493526
GAGCGCTGTTAGGTAA-1,-19.65365831910274,11.84704851244653
GAGCTCTCGGACCTAA-1,-6.495456481463296,-19.832491951783226
GAGGAATGGAGAGGTT-1,19.37753705116812,-6.548621505352507
GAGGAGATCCTCATGC-1,24.24606268495759,1.7960023320245289
GAGGCCCGACTCCGCA-1,-14.474844193707561,11.076153094925166
GAGGCTATCAAAGTCG-1,8.908563522079456,-8.185554176750722
GAGGGCATCGCGTATC-1,-24.089983193672836,-20.16735956323532
GAGGTCCCAAAGATCT-1,23.024488187846597,1.5348680471814913
GAGTAAGGCCACGGGA-1,-16.887405750610014,16.256959430684393
GAGTACGGGTATACAA-1,-21.944010537176545,-23.163584649570904
GAGTATGCCCGCCTTG-1,16.453311810184537,4.626319406411868
GAGTCAGACCAGAATC-1,13.35275415904058,-17.202364012565596
GAGTCCGCTTACCGGA-1,18.46387890910821,-0.7653222298832151
GAGTCGACAGACCCTC-1,-7.0890780058787115,28.58039989647346
GAGTCTTGTAAAGGAC-1,-16.1473485252801,12.36668543686201
GAGTTCTGTGGGTGCT-1,-11.33630526313923,19.8748487176619
GAGTTGATGGCAATTT-1,-8.302792538891037,19.79540126477757
GATAAATCGGTGGATG-1,-23.259654265936753,-21.989332049347393
GATAAGGCAGATGCAA-1,-6.5490480399640205,-19.563137914882958
GATACGATGGGAGTCA-1,15.261796591930096,3.4532815606291174
GATAGCGTACCACGCG-1,22.229744118199672,3.2817782403210245
GATAGGTAACGTTGAC-1,5.866897733447046,-8.477999473333659
GATATCAAGCAGGAGC-1,-11.39163412014222,18.282592957571694
GATATCAGTATGTATC-1,29.306476270841713,3.483742778829886
GATATGGATTACGCGG-1,0.7286005135360766,16.10622047702785
GATCATTCCAAACATT-1,-8.781324717265985,-22.852194291925496
GATCCTCGACACTGGC-1,-1.886803753939944,14.373164544523643
GATCGACACTATCTGA-1,-6.997947022201739,-16.525394768983183
GATCGCGGGCTCTCCA-1,4.406032201956001,-18.616609795293748
GATCGCTATATCTCAG-1,-17.60193493251642,10.772261234787573
GATCGGATAGAACCAT-1,-14.660921185310219,14.951159377122714
GATCGGCGATAAGTCG-1,4.69324120184335,13.67261800744476
GATCTAACCGTATTCA-1,-4.954542237150669,29.77258503907602
GATCTGCTATCTAAGG-1,-1.4823799661202195,-19.82307580430607
GATCTTCATTGTCCTC-1,5.767674461779207,14.955928736972664
GATCTTGGAGGGCATA-1,-15.202273696789943,-23.877047990022188
GATCTTTGCAGGGTAT-1,22.215304336091247,-2.0411219327324517
GATGACAAGTAGGGCA-1,-9.144317941342466,11.890515468569074
GATGCCAGCAGAAGGC-1,5.263739859767505,12.700466338897199
GATGCCTTCTGCGGCA-1,7.4623653636579155,14.272174022750189
GATGCGAATGGTATTA-1,3.440090674658561,14.468807383593521
GATGCGTCCTGCATTC-1,-1.2744119215644805,-20.468513528566334
GATGCTACAAGCGCCT-1,-12.518519127788895,-19.762307111066097
GATGGCGCACACATTA-1,28.173846849897558,2.2061823684408677
GATGTAACGAACCACC-1,-9.89631550331472,15.537780354387326
GATGTTCAATCCACGA-1,18.91008538538815,-12.576652472843254
GATGTTTGTGCGAGAT-1,27.419846434498087,3.5591139256395636
GATTACTGAATTTGGG-1,18.066088017728156,-11.745579239782597
GATTCCTATACGGCGC-1,12.758963320567466,-4.813991477161724
GCAAATATTACGCTTT-1,11.318316271818887,-5.842659584018033
GCAAATGAGGACACTT-1,-9.882386275868692,27.345283994872826
GCAACACACTAGAACT-1,-20.56850473529628,18.148612293569077
GCAACCACGGCCGCGT-1,-1.7463760952688967,13.548808429469823
GCAACCCAAGTTGTTT-1,-8.25273433556351,29.11298107515249
GCAAGAATTCCTTGGC-1,13.290989014692839,-8.041018190236226
GCAAGCTGGAAACCGC-1,-19.64968126157391,19.27461047016114
GCAAGTGCACAGAGAA-1,-2.658121641631533,-16.960633149686352
GCACAACCTCGGGCGT-1,-2.10026840399705,31.55709139905085
GCACAAGTGGATCATA-1,8.060977812902056,8.64330265855762
GCACACGCCCATGGTC-1,-2.720935178915941,20.131175940075515
GCACGCCTACTTAGAT-1,2.3389151492212763,-7.789325548246505
GCACTGTGCAAATGTA-1,-24.9827401396141,-19.611493212459756
GCAGATCCTCGCAAAT-1,3.8685311061953924,18.773656250813175
GCAGATTAGGGATATC-1,-2.9848124438319648,-22.870340648703547
GCAGCACACAGCCCAG-1,17.56062944851131,-10.370805693255656
GCAGGAACTTAGATCT-1,-2.6750221854993277,27.48821922796324
GCAGGACTATAGAATA-1,17.586756434903375,-13.180970233146596
GCATACGAGGTCTTTA-1,-10.13505167069927,24.843319413348063
GCATAGAGCACTCAGG-1,-5.136097921649333,-21.00680535631479
GCATCCCTAACTTTGA-1,-17.254377914423618,-26.779421532048108
GCATGGGTACTGACGC-1,-8.6033509746536,31.24868524706191
GCATTCGAAATGAACA-1,-13.237274793321726,14.807398132329721
GCATTGACTTGCGGAA-1,-9.810011142782244,26.158883981725847
GCATTGTAATTCATAT-1,-2.708897518869241,23.48423365505949
GCCAAGAATACTTCTG-1,-16.354157844596752,12.681412230908085
GCCACAATTTAAGGAC-1,15.819188182662565,-10.372032893433337
GCCACCCATTCCACTT-1,6.243731627943799,-14.094706276770212
GCCAGGCTTAGTGGTA-1,28.454716211199656,5.018619364595281
GCCATCGAGCTGCGTG-1,21.003791416590946,6.176168026764286
GCCATTAGCCTCAAAC-1,-8.663980889471212,20.763821240461727
GCCCAGTTGGTATGCC-1,-6.759720783059875,-20.253193231311982
GCCCGACTTCTTCCCG-1,-9.86941771389998,21.080209797184903
GCCCGAGAGTCTAAAT-1,-10.45328497724508,14.958536394388323
GCCCGCGCGTAAACGG-1,17.743791428980487,5.227229750049309
GCCCGCGCGTTTGACA-1,-8.977119376906094,-14.588781114835374
GCCCTAGCCGTCGCGA-1,-8.17968350881361,11.89214608767344
GCCGAAATTCCTACGT-1,5.528730431416282,-10.94259040230422
GCCGATTGGCCAAGCT-1,-4.191861914820684,-22.397628004027503
GCCGCATTAGTCCGGC-1,-1.5529068151049463,19.033264800483384
GCCGCTTGTGAGAAAC-1,13.829570873200309,-12.27792652816091
GCCGGGTTAGGGTCGC-1,-1.3846349699104654,-20.787965046099966
GCCTAGCGATCTGACC-1,-12.550423042756538,-20.844732524144685
GCCTATTCCGATATAG-1,23.90783509920075,-0.47999440515641856
GCCTTCAGCCCTACCG-1,-18.976973144929623,-25.467629196495306
GCCTTGTATATGCAGT-1,15.054243284336152,1.3831307452643307
GCCTTTGTCAGTGGAC-1,-10.815965349813812,14.040249734732644
GCGAAGCCATACCCGT-1,-11.044011768015004,-23.162780518808255
GCGACCCAACCATCTG-1,-11.47628605963471,9.780940946808766
GCGACGATAGTTGTAC-1,17.07292600275622,6.3923444626884764
GCGAGAAACGGGAGTT-1,21.39165520095124,-8.271656886902322
GCGAGGCCCGAGCAGA-1,2.0357758070053507,-14.696460134342143
GCGAGTTCTGCAAAGA-1,-10.49631242645768,-24.052993429337555
GCGATGTCTGTGCTTG-1,9.567777757121176,5.0574643630692036
GCGCAAATATATTCAA-1,-9.41934207284995,11.68153489047147
GCGCCGTTCCACGATA-1,-12.13274365772788,-24.31554794891471
GCGCTATGCCGAGGCA-1,15.560877797952067,2.8889931561930826
GCGCTGGCGGAAAGTC-1,20.00692321615269,-1.2878310480732693
GCGGACCGCGTTGTGG-1,3.0847500686747784,-1.707780724713126
GCGGAGAAACTTCGCA-1,-8.458566025668297,10.521668095036578
GCGGCAAAGTATTGCC-1,-16.364822461560774,11.676225941664637
GCGGCTCTGACGTACC-1,9.311339807329624,-15.209547160213694
GCGGGAACCAGGCCCT-1,-13.680380090333859,-23.25121086464286
GCGGGCGAGCCTTACC-1,15.07607536196477,-17.937321390497292
GCGGTAACCCAAATGA-1,-5.494519835461514,-16.948391973543757
GCGGTGCGGAGCATCG-1,6.060837304003909,14.409526007393554
GCGGTTCCCTATCATG-1,9.633609160693053,5.813530435498612
GCGTCGAAATGTCGGT-1,-26.222920972486754,-18.57668132078404
GCGTCTCTGCATTGGG-1,18.819542450919577,-10.21306599027652
GCGTTATATTTGGAAC-1,-13.857947023290816,18.355471164002815
GCTAAACCTGAGGTGA-1,13.006417617795499,-6.756775993870841
GCTAAGTAAAGGCGAT-1,-5.6928607897710615,24.17182810088906
GCTAATACCGAATGCC-1,-11.766809581652458,-20.440428389373945
GCTACAGTACGGACCG-1,-14.645488467275571,17.009483064479397
GCTACGACTTATTGGG-1,-19.524571922484554,-23.210405106894573
GCTAGCTTGAATAGCT-1,12.633568743486984,0.675121523123142
GCTAGTAGAGCTTGTA-1,-11.480783350749899,-22.533526870541543
GCTAGTTTCATTGAGG-1,-9.793505523657313,-21.844434045838415
GCTATCGCGGCGCAAC-1,20.0060059763357,-6.3538356285578175
GCTATGCCAGCTTATG-1,-13.95946447000713,17.436186185480807
GCTCAACCTCTTAGAG-1,5.8186746169991315,10.907361745879369
GCTCAATCCGTTTATT-1,1.7606801572217576,10.35772822303056
GCTCCTGACATACTGG-1,-7.989627958571907,12.18370341159327
GCTCGCGGTTCCGCTC-1,-1.2249764884417602,19.206554291348716
GCTCTATGTTACGTGC-1,1.342414551264936,-17.48413900943335
GCTGAATCTTCCAATC-1,-20.078250805400558,12.306659662799534
GCTGAGCAACGGTTCT-1,5.089876486784524,17.81766459759501
GCTGAGGCGTGAGTAT-1,-10.724270167045315,-25.70390698989173
GCTGCGCCTCCCACGT-1,6.594299087840339,10.225170614320557
GCTGCTAAGTAGTCGA-1,5.272022403303107,-21.64679631643026
GCTGGCAGGTGCCGTG-1,1.4301713829886735,20.036387724919596
GCTGGCATATTCACCT-1,16.902414418034898,-10.59661884933022
GCTGGGTCCGCTGTTA-1,-8.818310671929765,-18.29503859716075
GCTGGTTTAGGCCATA-1,-10.881861460149947,21.361946940343387
GCTGTATTACTGGCCC-1,12.469661339638957,-9.763993708987178
GCTTCCAGCTTAGATT-1,28.557669162692395,3.072756000009664
GCTTGATGATAATCAG-1,3.4174454415081663,-18.85241835235035
GGAACCCGAACAAGAA-1,3.8392843699551644,15.47308604142199
GGAACCGTGTAAATTG-1,18.691358717059938,5.384508725570305
GGAACCTTGACTCTGC-1,-21.35154347214009,16.653037229777528
GGAACGGCCTGCAGCC-1,0.9891567737699536,19.366701638335687
GGACAAGTTGCAGTGA-1,-6.5445660300674575,23.255125499263986
GGACCTCTAGGCCGCC-1,-8.816396427262887,12.179751567799839
GGACTAAGTCAGGAGT-1,-1.296053201757917,19.763446892014855
GGAGAAGTCATTGGCA-1,-2.6099775651899684,-16.277694127966903
GGAGACATTCACGGGC-1,6.615061563737452,-11.322890194291112
GGAGACCATCTACATA-1,-11.521288132774492,31.08511558253517
GGAGACGACACCTTTG-1,-10.519321690812964,-21.568572263835804
GGAGGAGTGTGTTTAT-1,-8.32764616074913,-25.896287192857997
GGAGTACACATGAGCT-1,10.719302564666458,4.445580658460071
GGAGTGCCGCCCTGGA-1,-7.746119839776638,-12.829898255259709
GGATCAGAGCCATCAG-1,-12.370547401206206,25.01348473781755
GGATCCCTACCAGCTA-1,29.190338130206968,3.2169349683002917
GGATCTTGACTCAACC-1,-7.135870798104473,22.1165670321643
GGATGACGCGAGTTTA-1,10.277201337842728,-8.971993377176819
GGATGCTGGCGTTCCT-1,-12.879386177619798,28.14099029152255
GGATTCAGTACGGTGG-1,2.0983422761591366,-13.579208070126702
GGCAAAGGCGCCAATA-1,-7.9048191694446714,9.866079272650179
GGCAAATTACTTTACT-1,11.979488739124374,-6.237941322511871
GGCAAGGCGAAATAGC-1,-15.656504587261866,-24.892088714483016
GGCACTCCACTGGGCA-1,5.56847035186828,-16.558146912006997
GGCAGAGAGATCGGGA-1,-7.521296389296571,27.090404655393357
GGCATACAGGTAGCGG-1,17.015185042603488,-9.226083624649284
GGCCACACGAAAGCCT-1,5.124910172395564,14.253467338518279
GGCCCTCACCCACTTA-1,4.74936815577574,13.1442094853351
GGCCTTTGCAACTGGC-1,-8.853072347015653,27.168308152536184
GGCGAGCGAAACGGCA-1,-4.057413791000635,31.330312772784165
GGCGCAGGACATCTTC-1,12.234997403669196,3.1615776928619685
GGCGCATGAATTGATG-1,6.551263814344552,-15.723284219550113
GGCGCGTTCGAGTTTA-1,10.827068480861524,-5.7506202978843906
GGCGCTCCTCATCAAT-1,22.98039545702792,0.4946024745081981
GGCGGAGTAATATTAG-1,3.5691675700942,-16.17456348207373
GGCGGTTTGCCGGTGC-1,13.188670810421698,5.730295211060977
GGCGTCCTATCCGCTG-1,18.10390291710173,-11.921367210822108
GGCTATTAAGTTGTAT-1,9.063819085164903,-6.118093165426213
GGCTCGTGCCACCAGC-1,-9.20049543399069,-14.771939730765574
GGCTGGCAGCTTTATG-1,3.256986480547707,-5.37506733199014
GGCTGGCTAGCTTAAA-1,-2.571549998750598,-21.881597980255773
GGCTTGGCTCTCACCT-1,1.6684650359487208,19.082088490450438
GGGAACGGGAGGTTAG-1,8.63383477576826,-12.558393652879353
GGGAATTCTGTCCAGT-1,-2.6372707750321025,23.409417916758677
GGGACAGAGTTACTCC-1,-14.58484827645271,11.68815870851408
GGGACCCGTATATCTT-1,2.2613463852621534,-21.348680327251124
GGGACTGCATAGATAG-1,-8.74581779038702,-21.857610408542875
GGGAGAACTCACAGTA-1,-17.770022271315156,-24.690510562227246
GGGAGGATGCCCGAAA-1,4.8793407857180595,-17.943453405908954
GGGATACGGTAATAAT-1,3.214026261841928,20.73401221208323
GGGATGGACCCGCGTC-1,-17.72112342069063,15.578885592303456
GGGATGGTCGTAACCG-1,15.579715475182248,3.7658319685929684
GGGATTATCTCACAAC-1,-4.168977350939095,-7.039222068312992
GGGCAACCGCACGTGC-1,-12.326911383081406,11.019809611421826
GGGCACGAATTGGCCG-1,4.152562552082902,20.679583417346414
GGGCAGACGTCACTGC-1,-17.770908969945694,13.51960417644741
GGGCAGGATTTCTGTG-1,-15.288194424560979,13.727420330209327
GGGCCCGTCTTAAACA-1,15.071716475436999,-11.415775864771046
GGGCCCTACGAAAGGG-1,0.5347628045187961,19.921788359492535
GGGCCCTTATCTATAC-1,-6.677503886880776,24.671257765270877
GGGCCTAAATGGGCTA-1,-17.750866464327306,13.129086553848524
GGGCGAATTTCTCCAC-1,5.076072565056434,11.456967676931239
GGGCGGCAAATGAATT-1,16.54834033723214,5.253801529103892
GGGCGGGTTCCCTACG-1,18.612945581953564,-11.317613843049067
GGGCGGTCCTATTGTC-1,4.506003735082685,-5.64454607986671
GGGCGTACATTTATAT-1,-5.404500208798514,-12.237224024487178
GGGCGTCACCACGTAA-1,12.189003727288735,4.909618766083604
GGGCTACTATTTCGTG-1,-6.461983906988997,30.7597196201574
GGGCTGGTTAGTCGCG-1,-3.397328343212877,-23.297585097764987
GGGTAATGCTGTGTTT-1,5.7608698889729695,-4.114061320693757
GGGTACACTCTGGAGG-1,4.788653089939828,-4.946510999238736
GGGTACCCACGGTCCT-1,2.942021563326981,-2.8914086655603355
GGGTACTTCATGAACT-1,17.815311562884236,-12.448149373665615
GGGTATGTATGCACTT-1,11.342390529614661,-5.322947991043243
GGGTATTCTAGCAAAC-1,-10.990464057687126,15.675440111202155
GGGTCACCGTGACGGT-1,5.720003271257538,-15.048568855240191
GGGTCATGCGTACCAT-1,3.8515899434745,16.500878181271997
GGGTGACACCTTAACT-1,18.027475491427232,-0.709826849667668
GGGTGTTTCAGCTATG-1,-25.64806017071614,-18.21475711106578
GGGTTAACATTTGAGT-1,11.523233436064782,-11.042420563554279
GGGTTCAGACGAACAA-1,19.772283400802436,-8.946281872841928
GGTAACCGGCAAAGGT-1,8.723580576207487,-6.8215680238864085
GGTAACCGGGAGGATA-1,-9.019145074879848,11.716232205272448
GGTACAAACATGCTAT-1,6.331984438739553,-7.961079571815216
GGTACATCTGGGACGA-1,2.797434072081023,13.708196108559697
GGTAGACCGTTGGGCG-1,15.617105246456049,-4.920960296733167
GGTATGAAAGAACTGA-1,-6.480967239160359,24.907582639500532
GGTATTGCCGAGTTTA-1,-1.0571494452371548,-22.769345319851304
GGTCAGTGGGTCCCAC-1,-15.020784496979266,-24.370768945851687
GGTCCTTCATACGACT-1,18.76971186368038,1.9738595512044868
GGTCGGTAATTAGACA-1,-24.806775987860856,-18.43320586593462
GGTCGGTCGTCCACAG-1,12.819625861407635,-17.275831709450237
GGTCGTAAGCTCGCAC-1,-10.849502694059552,25.17170763044531
GGTCTCTGAATGGACT-1,-8.278186952423932,9.62124330256913
GGTCTTGGTGTTAACT-1,6.6217526743277775,-13.567735558614372
GGTGAACGGGCTAGCC-1,-26.384793848222714,-18.73588108880297
GGTGAAGTACAGGGAT-1,12.852569315867088,-2.2384517459193862
GGTGAGATGCAGATAA-1,-8.237322319312224,-17.432606046285724
GGTGATGAAGGAAGTG-1,5.229733734811932,19.665964395916482
GGTGCGGATAAGTGGC-1,-20.23842202945632,-23.537585998730684
GGTGCTGATCACAAAG-1,14.893903275323831,5.163134758867469
GGTGCTGGTACACATT-1,19.86260112675366,-13.4283364917443
GGTTACCACCCTCGGG-1,14.940609048377123,1.7590071449433033
GGTTAGGCTTGGAGAA-1,10.881664910028098,-7.003787456428736
GGTTAGTTACGGCGCC-1,11.716889112588566,-8.812776388790986
GGTTCGGATTATACTA-1,-8.093790967842319,24.351460683222044
GGTTGTGCTCTTGTCC-1,1.4717097131453376,22.010223053768556
GGTTGTGTAGCCTGGC-1,-2.9635143563732362,19.693043831276206
GTAAGCGGGCAGTCAG-1,-23.805079677998613,-20.680113654086316
GTAAGTAGGGTATACC-1,4.987998559309365,-10.80665802467071
GTAATCTGATTCTTCG-1,18.16960328769869,6.737783737174838
GTACACTTACCTGAAG-1,-9.213617865170196,-21.31218892074663
GTACGACGGCGCTGCG-1,2.4125006266927245,-11.95589936197967
GTACGAGATTGCGACA-1,-19.655206959666756,-24.454440816311017
GTACGTTTGCCCGTCA-1,-13.70299172520193,-24.185229740830568
GTACTCCCTTATCGCT-1,11.90007205520149,-12.236805860918826
GTACTTGGGCACTTCT-1,-2.931599091411942,-16.358451139114706
GTAGAAACGGGTGGAG-1,3.630791804269481,16.719790877375193
GTAGAGGGAGACAAGT-1,1.194112076484375,11.051307569317045
GTAGCGGCTATACACT-1,-18.880575093445145,-24.228270335326542
GTATAATCTCCCGGAT-1,20.667261781758665,6.124278586088865
GTATAGGACTCAGTAG-1,-15.640037700674844,-21.60945154999171
GTATATGTTACGGCGG-1,-3.9642099000902684,-8.875738063567562
GTATCAGCTTGGGTTC-1,3.114501051254934,-13.93232531163298
GTATCGGGACGAGCTG-1,-9.19552492435726,-26.378613710870045
GTATCTCAGTCTTGAC-1,-20.580794253689508,15.788440537135394
GTATCTTTCATAACCA-1,-11.732335070650283,-24.172571481387028
GTATGAAATTTCACTC-1,-13.768715912421714,13.089516953323551
GTATTAAGGCGTCTAA-1,24.884221586754652,0.9048401959671564
GTATTCTGAGAAACGA-1,13.07525838467177,-3.606675349081352
GTATTCTTACCGTGCT-1,3.451562714449971,-5.099645398593543
GTCAAAGAAGTGGTGT-1,-12.059416133839164,12.713261825365937
GTCAAAGTTTACATAG-1,-3.058166458201728,-21.51800113989525
GTCACTCTCCAAATCT-1,19.791712089670728,-3.4162086249409027
GTCAGAATAGTCTATG-1,17.079552850421607,-10.927439732856111
GTCAGACAGCGTTGGA-1,27.856518217254102,-0.40576458583160846
GTCAGTTTGGTAGTCG-1,-5.860511822621834,15.29561855258352
GTCATCTCCTACAGCT-1,17.982910136496347,-5.091890631516693
GTCATTAGAGCGAACG-1,-16.862899932152576,-25.253123693653176
GTCATTGCATTGACCC-1,-0.15482990857867535,16.657120462422377
GTCCCAATCATCCCGC-1,-0.7195525430358053,20.15367107045538
GTCCGAGAGCAATCAT-1,-11.299897615971842,13.357140161388442
GTCCGGCTGAATTGCG-1,-5.399628530728638,-19.571864397520127
GTCCTACAGGCGGCTC-1,16.89824669577766,-3.5227691007801627
GTCCTACTCTACGGGC-1,-9.659806971420483,30.903095368834386
GTCCTATTGTTGTGGT-1,-4.117971611190323,21.67722792068629
GTCCTTCTACAACCCA-1,2.4670548208320384,17.939327995147696
GTCGGATATCTCAGAC-1,17.131306631760054,-5.959060590676408
GTCGGGAACATGGTAG-1,-8.502527117724986,29.609205505603224
GTCGTACCATCTCGGG-1,-12.778689732750074,-23.777588165741033
GTCGTACCTACGATTG-1,-0.6238367911282965,25.537197336132238
GTCTACTCAATTACAA-1,-9.706021479182361,20.433953283767824
GTCTATCTGAGTTTCT-1,17.810575500941344,-10.359096851699794
GTCTCCTGCCAGTATG-1,-4.792086405275884,31.590477999645138
GTCTGGGCGGTCGAGA-1,16.24820471712477,5.439259856166697
GTCTTCCTCACCTAAG-1,-8.777724553839978,29.952955070548306
GTGAAGTCACGACTCG-1,-12.317039966984746,26.15817532577357
GTGACTTCAGTAGTGC-1,16.16153577386519,7.16585870467679
GTGAGCGTGCTGCACT-1,3.333385410841509,-7.652082567554229
GTGAGTCTAAGACGGA-1,-2.8533599445421136,21.597593707589567
GTGAGTGGTACAACGC-1,11.097837720427117,-4.613791574856686
GTGATCATAGATCTGC-1,26.365287879797165,3.3453949827238385
GTGATTCGCCGCTCAA-1,13.465653548449826,-2.7089346103871796
GTGCAACAAATGTGGC-1,-25.047498980858435,-19.530488686990005
GTGCCATCACACGGTG-1,13.111298041891427,-12.446831961567861
GTGCCGCTTCAAAGGT-1,15.731367459640262,2.7825638488698905
GTGCCTAGCTATGCTT-1,20.840747367932035,-8.52456319244823
GTGCGAAATCGAACAC-1,16.04375071594504,3.0488148850447616
GTGCGGGTCTCCAAAT-1,-15.104633686589924,-25.60528338191626
GTGCTCAAGTACTGTC-1,-0.7934889917601897,-21.525246440950312
GTGCTGCAGATAAGGA-1,-8.950917938940565,29.42599797717942
GTGGACCAACCCGATT-1,0.706662920626869,21.44556170907167
GTGGACGTGCTGAGAC-1,-13.431022416213713,-18.215694269624244
GTGGAGCGTTTACCGA-1,-5.088300647189776,28.990096573517754
GTGGAGTCGGCGGTTG-1,2.7155819657097027,-6.934753978252975
GTGGCAAACAGCGGCA-1,-6.384188776364189,21.218605360404123
GTGGCCTAATATCATT-1,-7.4914401595765625,28.78713107718313
GTGGCGGTCCCAGCGT-1,-1.8754375564107777,21.88569242839115
GTGGGAAGACTGAATC-1,-14.424067095219417,16.027882983408904
GTGGGCTTAGACACAC-1,4.85153676415149,-11.19096335630785
GTGGGTACTGAGCGTA-1,-17.53662060250718,15.64831682449829
GTGGGTCTTCTTTGCG-1,-13.570533635607914,-19.533680774174066
GTGGTATAGTCTGCCG-1,12.662409351091107,-18.39654320144328
GTGGTTTCCGCCTTTC-1,15.892957908204794,-14.500784122025498
GTGTGTCGACGTCGCT-1,9.76382795487094,4.413298993626636
GTTAATGTCTATCTTA-1,-7.402276660111054,17.549148209763306
GTTACAATTGGTGACG-1,6.736661629325582,-16.299261575949625
GTTACCTACAACTTGC-1,-13.580576861730494,-24.74864470964793
GTTACTTTGGGCCTAG-1,18.013298783981227,-14.330109850261994
GTTAGGCTACCCGTTT-1,-10.980013381814283,16.018135093438236
GTTATATTATCTCCCT-1,17.29222649469885,0.1588090836753618
GTTATTAACGTGGGAG-1,8.218295976059954,9.297037830170124
GTTCAAATCAGATGTC-1,6.213900602384408,13.581846928077551
GTTCACAGGAGTCTAG-1,18.496684984242886,-11.750329907826178
GTTCCAGTCTGACCAT-1,-19.147023663202067,-26.723272772150924
GTTCGCCATAAGTGCC-1,3.411265189381567,-16.472713923096027
GTTCGGTGTGGATTTA-1,2.1320412521608625,-9.275616924335507
GTTCTTCCCTCGATGT-1,-24.457640609625496,-23.39867107422339
GTTGAACCGGTTCCAT-1,19.718218804505753,-12.022470717809993
GTTGCACGGAGTTTCG-1,-7.155200373821496,-13.233681977386382
GTTGGATTTGCGTTGG-1,2.1767463579872266,-19.376804520814694
GTTGTCGTGTTAGTTG-1,-23.57721250296394,-22.400895124214816
GTTTACGTTCCATCTG-1,-15.483518801672028,-25.26374322119076
GTTTATGGGATTTAGA-1,4.681381472172343,19.699687254836828
GTTTCATATCGTCGCT-1,5.59610732060942,9.800747348884123
GTTTCCTGGAGGGTGA-1,-6.685751378073463,-13.505826588611253
GTTTGACCAAATCCTA-1,-11.893770767827517,-23.747027753256898
GTTTGGCCGCTCAGCG-1,-19.472607355802214,-22.7676033413456
GTTTGGTAGGGTCAAC-1,7.871222263881484,-14.449015136539712
GTTTGTTAGCCAAGTA-1,-11.217637078624888,19.79679386818557
TAAACCCAGGAGGGCA-1,7.296647194186126,6.0501096703240975
TAAACGTCGTCAATGA-1,6.20418783743155,13.543165364144517
TAAATGAATCCGTTTC-1,25.97751254650735,1.6317564526970243
TAACAAAGGGAGAAGC-1,2.8208960511510615,-17.66064733673715
TAACAATATTTGTTGC-1,-5.906244528269246,23.254396072638208
TAACATACAATGTGGG-1,-17.571382392909502,-24.98768002719247
TAACATACACGCGATC-1,-10.306457073111906,10.029933755293154
TAACGCTTTGAGAGCG-1,19.646780309190525,-5.267157537502183
TAACTATCGAAGGTCC-1,13.37810225448951,-13.366026231763353
TAACTCATCCGCGCGG-1,17.034777140715278,2.5661644732116895
TAACTCCATGGAGGCT-1,23.652186402893566,0.1296200740984025
TAAGAGGGACAGGGAC-1,-2.5394801617480263,12.037325697624219
TAAGCAGGCGACACGC-1,1.2634335532406895,16.042941941578167
TAAGGAACTTGTGGGA-1,-17.958123292554955,-26.616387686297898
TAAGGGCTGGGAGAGG-1,2.571603882484916,15.384572088597563
TAAGTAACATCTTGAC-1,13.911652440945137,-3.589240860198139
TAAGTCGCCGAGTATC-1,-13.310364950997535,10.749995854731797
TAATACACAGTAGTAT-1,-7.314281033259464,-21.9394283604214
TAATAGAACAGAGTTA-1,2.7226644943440093,-7.612730300416867
TAATAGGTCACCAGAA-1,-18.910956743742386,11.394351061181563
TAATATTGAAATTCGC-1,-22.061458302662533,-23.257175499539954
TAATGAAAGACCCTTG-1,4.6103701147892595,16.79664218918913
TAATTAGATGGATATG-1,-24.45593449718007,-19.80795983067544
TAATTTCCGTCCAGTA-1,0.6977189020788134,24.029525812384332
TACAACGCACAACTCA-1,23.080016626386747,-1.6131059787771973
TACAAGTCTCGTGCAT-1,23.081369658001673,-1.9260914746027764
TACATAGGCATACACC-1,-1.7575288388117827,-23.75185871478579
TACATCCCTATCCCTG-1,-12.702040984233138,21.811523031029367
TACATCTTGTTTCTTG-1,10.32601190682902,4.966199006779857
TACATGACCTTATCCG-1,0.9299947689903009,23.007636694491943
TACATTTCTAACGTGC-1,4.216353733390304,-19.597806857997117
TACCAGAAGTAGGTTC-1,16.42122362615975,7.955604324175733
TACCGGCTCACTGCCC-1,-12.779453645194053,-25.37505677720418
TACCGGTCGTTTCCAT-1,15.959027981968,-14.341977267093636
TACCGTAGGTTAACTA-1,0.6709938439170398,-17.645849108352014
TACCTATCCCTAGAGG-1,-9.439392566326276,30.048106041220986
TACCTCACGCTTGTAC-1,-22.536845956021118,-23.97955096387189
TACCTGCTGCACTGTG-1,13.204578508873201,6.4496433659298225
TACCTTAAGATTTCCC-1,-8.756316303425654,22.665344953418625
TACGAACACGACTTCA-1,-2.508329359357656,-19.534212669849634
TACGACGCTTGCTGCG-1,18.185199791905255,4.086384237688813
TACGACTGCCTCTTAG-1,-12.516954035338152,-23.734684906720357
TACGAGAACTTCACGT-1,18.30201659804006,-14.857631151360929
TACGATGTTGATCATC-1,19.216792056737848,-6.664566169125928
TACGCAGTTCTTTCCT-1,17.41724835060652,-13.842487851802135
TACGCCATATTCTAAT-1,2.148529422220477,-16.069012524005892
TACGCCGAGGGTACCC-1,-8.50897406093322,9.64176280308862
TACGTGCACTATGCTG-1,-1.552500188271761,-15.772603543757349
TACGTTTACCGGCAAT-1,12.852858977373272,-9.629070109094162
TACTATGGTTCCTCAG-1,14.016212443577459,-18.308951384676618
TACTCACAACGTAGTA-1,2.424423617397699,-4.977888295651089
TACTCGGCACGCCGGG-1,0.39778975702938524,19.524547835394724
TACTGAACAGATTTAG-1,13.4938193067234,-18.34792539689391
TACTGAGGGAAGAAAG-1,-11.242305079107105,17.57065016599029
TACTGGACAGCTCGGC-1,7.84483688895557,-9.518083479051619
TACTTTCCGCACGCCA-1,-9.073072100327046,20.506802097761604
TAGAAACACAATAGTG-1,11.220639846247478,4.836388702804232
TAGAAATTCACGTATA-1,-10.371296368211008,29.951104145783695
TAGAACGCCAGTAACG-1,6.03649641924104,-11.792149892767409
TAGAGATCATGCAACT-1,-5.17677464352775,22.212663784468422
TAGAGTCTAAGCGAAC-1,-5.982309291486095,-23.060479929222577
TAGATATGGACTGGAA-1,14.329855678651892,5.909937082074568
TAGATTCCTGGTTATT-1,3.453267306790193,12.324957663594411
TAGCAACCTGTCACAA-1,19.706492416731425,-6.138120472073166
TAGCCAGAGGGTCCGG-1,5.101030071940736,-3.6172893608159407
TAGCGTCGAATATTGA-1,-7.37779919842373,28.365176267900125
TAGCGTTGGGTCTTAC-1,-20.249335518739812,-23.324747289217505
TAGCTAGAAGGCATGA-1,17.62503115375993,7.185180754761729
TAGCTCGCCTGATAAC-1,26.598680197523414,3.131793781803079
TAGCTGATGTGAAGCG-1,-11.985168436440885,25.48148453114411
TAGGCGATGAGGTCTC-1,-3.005210664484913,28.382875757678402
TAGGCGGCTGCAAAGA-1,-15.465581244551466,12.627569471879918
TAGGGTGTTTCAAGAG-1,-12.588282524698856,-18.2855447087478
TAGGTCCAAGTAAGGA-1,11.84150635471898,-2.7888443661190654
TAGGTGAGCCCTACTC-1,22.60023005603261,-1.4635346189429241
TAGGTTCGAGTTCGTC-1,-19.249604857703385,-24.191528954813364
TAGTACCACAACTTTC-1,-10.044409457416718,12.301362574088518
TAGTACCTTAGTGGTC-1,18.472368583194783,-5.8751093114133885
TAGTCCGCAGAGAATG-1,4.24839123001835,-16.22638451034567
TAGTCCGTATGCATAA-1,19.941589926700942,-8.784945933011521
TAGTCGGGATTCTTCG-1,16.470399736411615,3.363632373813532
TAGTCTAACAACGAGA-1,11.13114568029462,-6.188874571676129
TAGTGCCCTCCAGAGT-1,-2.178793479894935,-19.473524387239433
TAGTGCTTGAATCCTT-1,21.635080456212524,1.360497188129579
TAGTGTCAGAAACGGC-1,15.859058896552298,-3.6178752909364467
TATAAATCCACAAGCT-1,-6.991974614144283,-17.938623815294175
TATAAGTGAGGATAGC-1,-7.0524715299323315,-14.57940700851772
TATACACAGACGCCTT-1,9.412322812326007,-5.410747736328685
TATACACGCAAAGTAT-1,-11.730704511805573,-25.231464074132425
TATACTCATGCGGCAA-1,18.82891769735307,2.094601336274869
TATAGCGCACGTTATC-1,-16.05393166649091,13.226851971948799
TATAGGGTACTCATGA-1,6.015745589399396,12.354352013845245
TATATATCGAGAAATG-1,-17.93368854222404,9.695999605150586
TATATCATTGATCAGT-1,-12.439893523400515,29.2712932635611
TATATGCTGGGTTGCC-1,3.3139872676677506,21.122991692518603
TATCAAAGGTCTGTAA-1,0.9700284247921562,17.529376147802363
TATCAGTGGCGTAGTC-1,-6.8026143431112445,32.135825040511754
TATCCATATCATGCGA-1,-10.463825844888413,-21.925968198331077
TATCCATCTCGGTTAG-1,-10.35238185260511,15.972579556869174
TATCCGCACCGTCGGG-1,1.8026874470492849,-21.717514355150445
TATCGATGATTAAACG-1,-5.965337919513478,-15.446032953591466
TATCTACAGAGGTAAT-1,9.97435654071042,-10.205365478746039
TATCTACCACAGCGGG-1,-1.5857093759191674,-21.087335888654568
TATCTAGCCTAAAGGA-1,-0.4032977593739366,18.028090089553924
TATCTGAGCCGATATT-1,-13.583644897339083,14.68898657112483
TATCTTGCAATACAAC-1,-12.19048672495914,15.44002485232088
TATGAAGACAGGTGCG-1,6.2110331305779605,9.893702297192288
TATGACCTTGCGCTGG-1,-18.242025900134916,15.1687926047449
TATGGATGTGCTACGC-1,-18.06787399896586,9.599342513912516
TATGGCCCGGCCTCGC-1,20.71108707423202,-2.578518088402892
TATGGGACCGAGCAGG-1,-2.8366243698916658,-22.91160407822029
TATGGGTACGTATCGT-1,-5.774960274259962,-21.22489374646011
TATGGTCTGAGTAACA-1,-2.587411481035022,-20.650889772721644
TATGTAGAAACCCGGC-1,-9.270422922439955,19.496242410866724
TATTAACACCAAAGCA-1,-8.9985303109288,26.545987572285537
TATTATGTTTGCCTGC-1,-10.892895379684441,15.596615392271403
TATTCCACTCAGCTCG-1,10.97241333044725,-3.9020115923652274
TATTCCTCCGCCCACT-1,5.586998560182984,9.696088437176966
TATTCGTGCCAGAATA-1,-6.801317070412717,-17.946386935208984
TATTTAGTCTAGATCG-1,-25.309766963674488,-23.11314893433023
TATTTGTTACCCTTTA-1,-6.748895120647101,-15.929287061489774
TCAAAGAGCTATCTGT-1,-16.910330271101948,18.642893321529936
TCAACAAAGATAATTC-1,0.8415347160247564,14.449486959080458
TCAACACATTGGGTAA-1,-24.246588595911277,-20.061644526947873
TCAACATCGACCGAGA-1,-8.171052281916364,15.919265739505786
TCAACCATGTTCGGGC-1,-3.752587858807073,-8.384288430942101
TCAACGAGGAGACAAA-1,7.259835189662923,-5.193558594015323
TCAACGCAGGAAATAA-1,-0.1969879504089354,13.97663041042921
TCAACGCGACCGGCAG-1,3.2491517973023543,14.716172589155764
TCAACTAACGTATAAC-1,5.54249457430523,11.58881220146717
TCAATACAATTGCTGC-1,3.0000462620155743,19.677220352415517
TCACAGATCCTCAAAC-1,29.673653637203078,4.330614716823729
TCACAGCAAACTCGAA-1,16.28965164215719,5.379322951675504
TCACAGGAGAATAAGA-1,13.765000296612138,-13.803661814280893
TCACAGGTTATTGGGC-1,-1.1883748233672382,-22.04198433478103
TCACATCTTATCTGAT-1,8.168705048018827,9.933252894435203
TCACCCTCTTAAGATT-1,7.908215754858344,-6.382863777320445
TCACGATGTCCGTGGA-1,-4.093822538526831,24.455269494698
TCACGCATTGTAGATC-1,-0.08758104320135211,-19.45928574659519
TCACGGTCATCGCACA-1,-9.261320172574813,-16.71441684403479
TCACGTGCCCGATTCA-1,-7.726646852424319,-24.609092000337053
TCACTCTTCGTCTGTC-1,6.628141654356762,14.229039326270142
TCAGGGCGACTTCCTT-1,-0.010830145731301491,19.704514916763127
TCAGGGCGCAAACTCG-1,5.336361698641753,10.978369700441748
TCAGGTTCTTTGAGAA-1,-0.9451937166864818,-20.31662700415726
TCAGTACTGACCCGCG-1,14.198726251516296,-7.865312850539192
TCAGTAGGGACTATAA-1,15.42947394830502,6.5002290947708365
TCATACTTACAGATCC-1,12.566209606510053,-5.610980758163298
TCATCACTCGAGCTCG-1,5.016412162450505,-11.244225250860925
TCATCGATGGTCCCAA-1,-7.178301455437664,17.19018007588092
TCCAACTTTAAATTCT-1,19.15133349397643,-7.219398208022855
TCCACAATGGTTTACG-1,15.941789912035171,-8.10351518027299
TCCAGAGCACCGGTTC-1,-18.17111353308873,-24.530005145653313
TCCAGGCGAGTACGGT-1,-10.44318801798584,-26.330543152389872
TCCATCAATACTAATC-1,-14.772326692968319,12.418573119094154
TCCCAGCTTTAGTCTG-1,-5.072402391138119,-21.016783365598368
TCCCAGGCTTAGCTAA-1,-5.767905870009213,-20.913881465026087
TCCCGGGTGTGCTGCT-1,17.540385049495125,-12.661557581094367
TCCCTGGCGTATTAAC-1,-10.536068700420227,13.945797610815331
TCCCTGGCTCGCTGGA-1,5.904272088881871,-14.164654553319064
TCCGAACTTGGCTTAC-1,0.6917049248589859,15.21099277610854
TCCGATAATTGCCATA-1,-23.232884380467762,-21.915621856069443
TCCGATGGTGCGACAT-1,-18.100834850210163,9.425230347868471
TCCGATTACATTGCCG-1,19.459155388433217,-11.666404292997719
TCCGCAGCCACCTAGC-1,13.542013933537733,3.7077298133045624
TCCGCTTATCCCATTA-1,-13.084775683420219,-24.70891538617376
TCCGGTTCGTCCGGTC-1,25.802762903403494,-4.653160545287857
TCCGTAACCACAATCC-1,5.190099095472896,11.100951987375376
TCCTAGCAAAGAAGCT-1,18.012424289756957,-11.987979052355309
TCCTCCTAAGACATTC-1,-7.270700482407777,21.869010256307533
TCCTCTACGAGATGGC-1,15.642283166637023,-8.992438325363503
TCCTCTCCAGTTGTCC-1,4.51321580319744,11.90182699029611
TCCTGCGTTGATACTC-1,13.104340470796636,-11.337376365685072
TCCTTCAATCCCTACG-1,-8.172266342450035,29.829441831641216
TCGAAATTTAGGACCA-1,-1.972028330740643,-19.816519835450553
TCGAATATCCCGCAGG-1,-8.518266119410828,11.474666940122896
TCGACAACTGAACCCG-1,-3.439877552576382,29.14337774310625
TCGAGACCAACACCGT-1,1.9475289256365373,-19.263409616555695
TCGAGCCAGGCAGGCC-1,-2.9266804612985386,-7.822784767135149
TCGAGTCTACGATTCG-1,-19.18542167703547,19.272494492410036
TCGCACTAACGTTTGT-1,19.910670890534377,2.4885678861569174
TCGCATCCCTAAGTGT-1,-6.741134443976231,-20.285423629304493
TCGCCCACTGCGAGAG-1,-8.958764885908789,29.46188097041487
TCGCCGAAGTTGCGTC-1,16.786962555799725,-11.25745449879431
TCGCCGCACCGCGTGA-1,-20.327946875851023,16.044508131096602
TCGCCGGAGAGTCTTA-1,-4.050058627929895,-8.16750170414641
TCGCCGGATGGGCAAG-1,2.3388316432608263,18.579367804989552
TCGCCGGTCGATCCGT-1,-22.263383476173445,-22.526633761305096
TCGCCTCGACCTGTTG-1,7.300662078661815,-13.73834378563273
TCGCGTCCAGAAGGTC-1,10.612826837862256,-13.923242737338136
TCGCTGTGCGTAAATC-1,-11.168141266219779,-20.919570598879712
TCGGAATGCGCTCTGA-1,17.328384129232862,-7.548862552516901
TCGGAGAGTATCGGGA-1,-0.6804337159727635,24.041943509155317
TCGGCGTACTGCACAA-1,-13.16442022810304,25.803777444161835
TCGGGATTCAAACATA-1,-6.113510952641529,23.251750885336012
TCGGTCCCGACAATAG-1,-17.18809733045779,10.851320015719349
TCGTATTACCCATTGC-1,5.026880342847105,11.616563025241494
TCGTCAAGTACGCGCA-1,-2.7084063919661756,-7.636301940963585
TCGTCACACTGTTAGC-1,2.88948816709015,13.777822944733991
TCGTCCGCTGGCGTCT-1,-8.653326260227123,-21.65849056201458
TCGTGTCACGCTGACA-1,-11.776768357170944,31.37335563995448
TCGTTAGGAGTCCCTA-1,18.115869175918842,-1.7102018036648095
TCGTTGACAGGGTCCC-1,-16.11659769670747,20.22656199599162
TCGTTGCTATCCGGTC-1,15.964319175046448,-17.078083054210275
TCGTTGGCTCGTCAAT-1,-23.988453836149006,-19.558530005676822
TCTAAAGAACAGTCTC-1,-3.6321857502219848,28.421141494945104
TCTAACTGTATGTAAA-1,-3.113732816743955,23.690471474160486
TCTAATACTGCCTCAG-1,-16.2303887395655,11.488420631121699
TCTAGCAATCTCCGCC-1,-4.8206127717637886,17.87867654869594
TCTAGCATCTTCGATG-1,-7.000378269150265,-15.956968735682102
TCTAGTTATCAGAAGA-1,-0.6043925518004767,-20.404894297474723
TCTATCATGCAGTTAC-1,-6.152381866529433,-13.889116739576835
TCTATCGGTCGCAACA-1,-15.870618653782715,-22.3401236749189
TCTATTACGCTGGCGA-1,-16.076926327344477,-22.84328979070823
TCTATTACTAGAGGAT-1,-9.915849348383743,24.94565779459794
TCTCGGCTCCAGGACT-1,4.8620704093477105,-3.2521210858900145
TCTCGTGTTACGAGGA-1,-17.61092313207911,14.414403421942755
TCTCTAATAGCTGGTA-1,-9.851987671359556,-22.03157133587739
TCTGAACCGGTCGGCT-1,-7.2519787464433465,-22.64944810370363
TCTGACTGTAATGGTT-1,9.174314650071576,-5.164548127613089
TCTGCAGATTCGAGTC-1,0.2308824236880735,19.107477300560856
TCTGCGTCCGGTTTCT-1,25.59905918043692,0.3897685673380469
TCTGGCGCAAGCCGGG-1,-4.433186212697967,27.2219089483956
TCTGGGTAGCGCTCAT-1,7.450438965028614,-16.66938856932156
TCTGTTACCCAGCATA-1,7.5539869094262695,5.607631336219102
TCTTAACTCGGATGTA-1,10.555644836651048,4.329726893064021
TCTTACAGAGGTACCG-1,-20.410029916988965,-23.04529041540699
TCTTACGGCATCCGAC-1,20.236008463703286,-4.845126608232982
TCTTGGTAACACCAAA-1,24.257154036975965,-5.317514761046112
TCTTTCGGCGGGACAC-1,-4.319995311444804,-7.038891521280189
TGAACACCCGAAGCAG-1,-3.8279876480029253,-8.135451972528253
TGAACTGCTATGACTT-1,0.4428324359374143,24.685737622886474
TGAAGAGCGGTCCTAG-1,7.19354029418908,14.807743021520057
TGAAGTAGCTTACGGA-1,10.306891717272817,5.844887540443962
TGAATTTCACTTGCCT-1,-11.48625592039751,25.37015910946562
TGACAGGACAAGTCCA-1,3.820640790253228,21.549500842112874
TGACATATATGACGAT-1,0.30636635139375723,24.815134936436344
TGACCCACGTTAGACA-1,1.8482212972406329,-18.438056743232572
TGACGAATATTTCCCT-1,-12.837058030196458,24.747615328887633
TGACTATAATCCTTTC-1,-12.66540904145189,-25.913105627254474
TGACTCCGAATCATAC-1,-9.902210545476445,11.975236938671184
TGAGAATGCTTTACCG-1,-12.156439492541919,-19.726096418403873
TGAGACGTACCTCTCA-1,-9.77618581028179,26.8044489874657
TGAGCCATACAGTCTC-1,20.759533823153678,-11.612125126989916
TGAGGAGTGCCAGCTT-1,-3.8875956843848103,-23.96737580056049
TGAGGCATGTACTGTG-1,-3.4578723876360824,30.86377830013682
TGAGTAAATTAGCGTA-1,12.833775298176864,-4.021201897634617
TGAGTGCCTCTTAAAT-1,14.209671276219716,-3.6129040683869396
TGATACATTTAGCCGT-1,13.253704880911654,-18.33073059262264
TGATAGCGGGATTCTA-1,-3.799946446649957,16.839250450709883
TGATCAGGGAACTGCT-1,-8.834239085472797,23.99779953485924
TGATCGGTTTGACCCT-1,-8.150656209634676,-16.588568914909864
TGATCTATCACACTCT-1,-26.09901292858681,-18.642229971189984
TGATCTCCGGCGCCAG-1,-8.037463189648136,-19.1338741978957
TGATGGGACTAAGTCA-1,3.9272386124380647,-5.344900090476451
TGATTCAGGTCCCGCG-1,-16.958994474940486,18.72558562894138
TGATTCGTCTATCACT-1,5.867193469137799,-11.512372727838374
TGATTCTGTCGCCGGT-1,15.681475323539036,3.8425216325889155
TGATTTATTAGCTGTG-1,7.465068882194598,-11.725013822263683
TGATTTCCTCCTGACG-1,-6.881265868149802,-15.530838991887833
TGCAAGAATGACGTAA-1,-14.638827340012156,-26.60166151341119
TGCACTATGTGAGTGC-1,10.171129756278143,6.209860844187638
TGCAGAACTATATCGT-1,-3.6909982651940862,20.220284369556445
TGCAGAGTACCGAGCA-1,14.62352800831129,-11.685480360428285
TGCAGATCGTCCTAGG-1,-13.701846485476679,22.278571746721017
TGCAGCTACGTACTTC-1,-10.314256987630738,23.85438460689785
TGCATGGATCGGATCT-1,-24.623290018846912,-22.40429151201902
TGCCAAAGTCAGACTT-1,-11.150863560635258,23.02748530740378
TGCCAATGGGTACTCT-1,3.0349685007089726,-1.6333189506637733
TGCCACACTAGAGGAA-1,-13.21174044726823,17.76557890726455
TGCCGTTCTTAATCGG-1,-19.95542904818782,20.468246813620087
TGCCTGACATCGGTCA-1,21.12961092168885,-5.651307664238714
TGCGAATATGGGATTT-1,-14.32694255239737,15.532444473914362
TGCGACACCCTAGTGC-1,14.398967712208457,6.16560414864245
TGCGAGAAACGTTACG-1,-4.04079503295317,-8.783810640221928
TGCGAGAATATTACCC-1,14.78021986280637,-1.229117529676005
TGCGATGCTAATGGCT-1,3.5563926207221703,13.529100537956047
TGCGCGATTAACGGAG-1,-0.16788818870190547,-17.7082313485938
TGCGTAAGAACCTGAT-1,19.43966221416411,-14.47571137647546
TGCGTCATGACTGAGC-1,-21.296191450781144,18.045148151857664
TGCGTGATTGGGTGTC-1,28.98088244773614,3.6187225987477283
TGCTGGTTGGACAATT-1,-8.12273633575388,-18.272248925567403
TGCTGTTGAAGAACTC-1,-12.287170941843792,-26.05828160682372
TGCTTGAAACCATGCA-1,27.521140152956026,1.6953711367923463
TGGAAACGGAGTGAAC-1,9.340554023267645,-2.6855309371138674
TGGAAGAAGGGAACGT-1,14.000672569036414,-11.761845781848347
TGGAAGACGAACACCA-1,-23.972213530219857,-21.457602072676323
TGGAAGGATAAAGATG-1,-21.76078107973837,-24.380289487884497
TGGAATTAGACGCTTT-1,3.345582690030658,17.35138295099036
TGGACACCGTTGCTTG-1,1.766138509361335,18.420158341755855
TGGACCACGGCGTTGA-1,7.582834848363151,-3.269405685261071
TGGACGCAATCCAGCC-1,-20.06931120913374,15.799836826719298
TGGACGTAGGCGAATC-1,29.488439751221758,3.119158203637551
TGGAGTGATGCGATGA-1,0.7873047177284381,-20.485084960166375
TGGATAGAGTAACAGA-1,26.92441932068108,2.7968414432866435
TGGCAGATTACGATCA-1,9.048251019279112,-6.437568954805026
TGGCAGCAGTAATAGT-1,-8.379651173968075,-23.11022286427376
TGGCATGAAGTTTGGG-1,-6.115067052669733,32.06407304863559
TGGCCAATTTGGTACT-1,-12.255131500963946,31.12867730744096
TGGCCGTATATTGACC-1,4.266157548888006,-19.470970255994498
TGGCGACTGCTCCAAA-1,14.378525552201445,-17.113929259821454
TGGCGATCAAGTTATG-1,17.90593330740057,-1.0160282565739134
TGGCTCTTGTCGCGTA-1,-12.31629835249814,24.62911053285943
TGGCTTATGTATAATG-1,-20.57255266940637,18.48757331781515
TGGCTTTGGGTAGACA-1,-13.723001019926532,-18.813202270180454
TGGGAAATGCCTTTCC-1,17.13903485782937,-5.919202634143096
TGGGACCATTGGGAGT-1,25.43537470373777,-1.1482195006695444
TGGGCCTTGCCTGCAT-1,27.215242430037478,2.2695748606851702
TGGGTTCCCGGACGGA-1,10.747755050592476,4.557305619299627
TGGTAAGCAGGATTGA-1,-12.800563833365256,16.523766798753183
TGGTCGTGCAAGGCAA-1,-8.211269555539692,30.5401792005715
TGGTCTAGCTTACATG-1,7.300600838698056,14.677702003876153
TGGTCTGTTGGGCGTA-1,14.100738098906541,-11.543312594280975
TGGTGATCGTATTTGT-1,0.9397670220109753,20.326635666104316
TGGTGTGACAGACGAT-1,-10.092888341648292,-19.04453998594705
TGGTTAACTTACATTT-1,-3.778851095630888,30.58552525806992
TGGTTATGCTTGCGGT-1,2.606430643909884,19.38806033464002
TGGTTCGTAGCAAAGG-1,-14.390047852933446,-25.83495874134395
TGTAATGACCACAATA-1,-10.771546320479269,29.047081205847412
TGTACGAACAAATCCG-1,-0.5982482747787199,-20.172213381159466
TGTAGTGATCTATAAT-1,16.5958282116963,-12.382404337728563
TGTCCGTGGCGCCTTT-1,0.80016434133861,19.32999828375384
TGTCCTAAGTCACCGC-1,8.247549161641547,-11.605342165666114
TGTCGGCATGGTGGAA-1,5.696453116517659,4.629843022257443
TGTCGTTATCACATAT-1,-8.395094122599291,19.426288384769286
TGTGCCAGAGGCAAAG-1,-19.766590131297793,19.106295260654193
TGTGCTTTACGTAAGA-1,0.9221839147635235,19.95452928859661
TGTGTCGAAGTCGAGG-1,-12.508359228867244,29.302981771756546
TGTGTCGCGAGTTGCA-1,6.265044848628995,-14.242560256974397
TGTGTGACCATGAATC-1,-18.873259750294974,13.077758355822613
TGTGTTCGTATCCAAG-1,8.478331814823239,7.320624765062986
TGTTCATAAATGTGCT-1,2.3867882061484407,15.587201156784829
TGTTCCGCTTCCATGA-1,10.195823196027492,-7.704375208825579
TGTTCGTATTGCGGTG-1,-4.894742916855378,-23.950843319480505
TGTTCTTCCATTGACT-1,3.6955096743468885,-16.32508312245211
TGTTTCGGTACTTCTC-1,-23.693199226703534,-24.01495337295866
TGTTTCTGAAGCGTGC-1,-11.910924684571452,14.797998881677387
TTAAACAGAGTCCCGC-1,-6.029182681533091,-20.046186237190003
TTAAACCTGGTTCCTT-1,-1.9323214753444757,20.430260145418337
TTAACACCTCGAACAT-1,13.17278296788013,-2.031389946591632
TTAACCAACCCTCCCT-1,-7.155742313553853,-12.62469935644075
TTAACGTTAAAGCCTG-1,-8.987489537874312,29.88736953264425
TTAACTCACGCGTGGA-1,1.7271765259030074,19.08771218601955
TTAACTTCAGGTAGGA-1,-9.21696633780704,24.042352667700754
TTAAGCGCCTGACCCA-1,-2.750148421331267,-21.349919438403287
TTAAGGCCCGTACTTT-1,-14.62400810270401,12.836554239364146
TTAATGTGTTTGCAGG-1,19.227296421877472,-6.1713675144439915
TTAATTTCAGACGCGG-1,-26.197896597223647,-18.662499611432295
TTACAACTACGCATCC-1,-3.2574689016092275,-8.085440863634766
TTACATCGTGGCCTGG-1,-9.064392162252043,-19.72414979769408
TTACCATTGATTACCC-1,12.141810344224398,-5.841477049635617
TTACCCTAACAGTCCT-1,21.766489566004438,-0.23967332854340312
TTACCCTAGGGATTGG-1,-3.963038029288062,-22.47226387228836
TTACCGCCTTAGGGAA-1,9.270336493352957,-2.2714792448282384
TTACTATCGGCTTCTC-1,-0.5882971479351323,18.89921786755771
TTACTCTGGTACGTAC-1,11.87439700943108,5.961571293047648
TTACTGGGATATTTCA-1,14.883111463791524,-3.277050748703686
TTAGAGGGATATACAG-1,-14.005292402238332,12.689411534553525
TTAGATAGGTCGATAC-1,28.547864430666216,3.543383841961946
TTAGCAACATGGATGT-1,29.59591407940086,3.9966784359734353
TTAGCTCTGTAATCCG-1,-7.000615723484594,18.61538181036176
TTAGGTCATAACCGAC-1,5.737237674947259,-19.529987546731874
TTAGTAGGGCGGCGGG-1,5.959784036665717,-14.326188709399945
TTATCCAATCGAACTC-1,-15.91122358330577,-22.675323520309703
TTATCCTCAAGGAATA-1,-2.4172089511174795,27.316192410325975
TTATCGCCTGCGAAGC-1,0.6490918241505361,16.722237088160895
TTATCTGACATTAGGA-1,-21.448272201177502,17.588225678182667
TTATCTGTATCATAAC-1,-23.310794422605927,-23.187505649329736
TTATGAATGAAAGGGA-1,-7.199469424978214,-23.762847840315427
TTATGACAAACTGGAT-1,6.972155244336705,-9.61968711857932
TTATGTTTGCGATAGA-1,8.349898129136687,8.016823596924274
TTATTAGGGAAGCATC-1,-21.07183285933149,-25.024197856320118
TTCAACGACCCGACCG-1,-12.156645549945644,-20.34453293315748
TTCACGAAAGGATCAC-1,3.4520041437812687,-16.40013930633152
TTCAGAGTAACCTGAC-1,-3.843379366028388,-8.63502726642505
TTCAGGCGTCAAAGCC-1,-13.526253604857787,21.737677032231897
TTCAGTTTGTGGCAGC-1,3.0645008413622166,12.905584803725505
TTCATAGCCTTGTAAC-1,29.26838383944747,2.9098366641806304
TTCATAGGGTGTCCAT-1,10.575852606871276,4.288733690522934
TTCCAATCTGGCTATC-1,14.143762805869525,6.2640057652552485
TTCCACACAGATTTGA-1,16.577921472825103,7.9149236400684915
TTCCCGGCGCCAATAG-1,-15.23717527754831,14.637063568768255
TTCCGCGTGAGGCGAT-1,-14.435669702832469,-24.162473549796506
TTCCGGCCTTGAGGCT-1,14.381533863544197,-18.360370610436465
TTCCTCGAGGGTGTCT-1,-8.43138019236376,-17.364672283964122
TTCCTCTGCCCGAATA-1,-3.256584382902281,18.724009994334452
TTCCTTTCTGTGTTGC-1,2.749022117870726,-10.761196837134785
TTCGACGGGAAGGGCG-1,-8.325761592787192,-20.659120626600995
TTCGCACTCGCGTGCT-1,-6.192490917661905,-13.677410787641382
TTCGCATCCGGAAGCA-1,22.08512740922978,3.8122599946287035
TTCGCCGCTCGCGCTA-1,-3.1193597202427945,31.14230622829453
TTCGGCTAGAGATGGT-1,19.804573897262035,-6.700336976536776
TTCGGGCGCTAGTCTT-1,6.200940047168545,5.428247690197135
TTCGTACTCCAGAACG-1,8.804125088290448,-9.534812277165972
TTCTACTTGCGAGGGC-1,15.693639851588733,-5.982877157176078
TTCTAGGCCAATTGTG-1,-10.461266412429762,-18.448602947746927
TTCTCTTACAGGTGAT-1,-18.30100761459479,16.57566665232656
TTCTGCGAGCGCCCTT-1,2.4166901977224695,14.600695753962832
TTCTGTTTCCTGTCGC-1,0.29077689423058295,15.5439174150348
TTCTTAGTGAACGGTG-1,-2.45729652216893,-18.556464475585177
TTCTTAGTGGCTCAGA-1,-18.664942182177775,-26.058057013316432
TTCTTGAGCCGCGCTA-1,17.437288976490173,-6.921554606748024
TTCTTGGACGATCTGC-1,1.9592299731315566,15.383519234837944
TTCTTGTAACCTAATG-1,3.9185564526446717,-11.078340903262042
TTCTTGTGTCCATCAG-1,0.39710148903693304,24.205454732899085
TTGAACGAATCCTTTG-1,20.904910383950128,-2.54921633397378
TTGAAGAATTCCCAGG-1,-0.5308309145770376,-20.274759450820603
TTGAAGGATGGGCGCC-1,-12.130027367796306,26.813169482698413
TTGAATCGTTGTATAA-1,-12.54863556497475,25.007525303930027
TTGACATGAACGTGGA-1,11.207874729109246,-8.782938542348287
TTGACCGTGTTAATGA-1,1.186135553304767,10.901925847936962
TTGACTACCATATGGT-1,18.744691440753716,-12.698620568733435
TTGAGAGTACTGCTAA-1,16.612236375455602,-9.51218182697036
TTGATCTAACTTTGTC-1,-1.958398077328174,-22.735444481201004
TTGATTAGCTGTTTCT-1,9.226489094044867,6.499442985704694
TTGATTATGCAGATGA-1,13.55166269526695,-6.300541741537492
TTGCACAATTCAGAAA-1,7.775550169163653,-4.715733294989087
TTGCACGGAGCAGCAC-1,-18.261295072603048,-26.597223303534307
TTGCATGCTGATCACG-1,14.608549186871887,-11.515123433224455
TTGCCATAGCCCGCTC-1,-19.44668546086299,14.51773251544332
TTGCCCTGATCACGGG-1,16.165854839523643,-12.517231165041482
TTGCCGCAGACCTACA-1,-15.609746653650594,11.551052849148173
TTGCGCTCTCTCGCTT-1,5.381201412506311,16.852368896267677
TTGCGGCATCAGAAAG-1,11.196244750949877,1.903868266725862
TTGCGTAGTTTGAGGA-1,6.7920180275548505,9.09586829635295
TTGCGTCGGCCAACCG-1,14.227747520296012,-16.793859757717147
TTGCTGAAGGAACCAC-1,-11.475405265103548,-18.980199726896362
TTGCTGATCATGTTCG-1,-4.928584316346838,-24.562516925205376
TTGCTGCACCTATCCA-1,14.259843654851664,-3.513262311495111
TTGGAAGAATACAGTC-1,-11.186222881544264,24.05856129383311
TTGGACATGTGGCTTA-1,3.30161098906063,10.589947644525056
TTGGATATCGTCTACG-1,15.362334735325927,5.4800906017591275
TTGGATTGGGTACCAC-1,-20.15457602379415,-24.30885704350363
TTGGCCATCTTGCGCT-1,22.14159189829574,0.9445065039894721
TTGGCTCGCATGAGAC-1,1.4329511491957618,-20.53424870202474
TTGGTCACACTCGTAA-1,13.654877447829815,4.099763894507269
TTGGTTGCGGTGCGCG-1,-15.662812124483295,10.80053100858111
TTGTAAGGACCTAAGT-1,8.843342257682266,3.6323853635198655
TTGTAATCCGTACTCG-1,-0.16367844632139827,-23.328033336696894
TTGTACACCTCGAACA-1,-14.576775998535668,13.962978843364345
TTGTCACCGCGGTATC-1,-3.0472069787576874,28.712048205671064
TTGTCGTTCAGTTACC-1,-22.910553248756194,-22.404135825925497
TTGTGAGGCATGACGC-1,-7.537904140149961,26.744609051327917
TTGTGGCCCTGACAGT-1,-22.722593518326097,-23.179139668136195
TTGTGGTAGGAGGGAT-1,-7.548690887383393,26.522169723500703
TTGTGTTTCCCGAAAG-1,12.552593307905454,-6.3179545367772265
TTGTTAGCAAATTCGA-1,-5.39083873385887,-12.427704156348454
TTGTTCTAGATACGCT-1,6.2303528124084275,13.851230297192622
TTGTTTCATTAGTCTA-1,-19.467919097308254,10.746272185393376
TTGTTTCCATACAACT-1,0.5721279712708629,21.92761176141497
